id,0,1
2,0.5327833,0.46721667
4,0.5399753,0.46002468
9,0.6096683,0.3903317
11,0.69947034,0.30052966
17,0.45374882,0.5462512
19,0.60197616,0.3980238
23,0.64846885,0.35153118
33,0.6691804,0.3308196
35,0.6639574,0.33604258
48,0.68521166,0.3147883
55,0.67446244,0.32553756
58,0.63211,0.36789
63,0.60424757,0.39575246
65,0.74507606,0.25492397
66,0.5636595,0.4363405
69,0.7439413,0.25605866
71,0.6863732,0.31362683
72,0.56112325,0.43887678
75,0.59260535,0.40739465
77,0.6823282,0.31767178
80,0.68484586,0.31515414
94,0.72222894,0.27777106
97,0.7061076,0.2938924
102,0.65739405,0.34260592
107,0.69193065,0.30806938
112,0.7013988,0.2986012
116,0.43883002,0.56117
119,0.6908032,0.30919683
123,0.5101296,0.48987043
126,0.46056426,0.53943574
127,0.8015826,0.19841745
131,0.69527125,0.30472878
132,0.6391796,0.36082038
145,0.6764287,0.3235713
148,0.54854894,0.45145106
151,0.7635783,0.23642167
157,0.5996791,0.40032092
170,0.68686146,0.31313854
183,0.8365121,0.16348793
185,0.6121291,0.38787094
188,0.71626365,0.28373632
199,0.7946537,0.20534629
200,0.6405942,0.35940582
207,0.6595883,0.34041172
208,0.62096107,0.37903896
209,0.69853187,0.3014681
211,0.4684984,0.5315016
221,0.76304805,0.23695192
225,0.60625803,0.39374197
227,0.805951,0.19404899
229,0.7193309,0.2806691
235,0.5929899,0.4070101
246,0.58973694,0.41026306
254,0.52975225,0.47024778
262,0.583477,0.41652298
263,0.51285803,0.48714197
271,0.7088028,0.29119718
272,0.6643053,0.33569467
283,0.8516448,0.1483552
284,0.7963715,0.2036285
287,0.71815217,0.28184783
289,0.71767867,0.28232133
295,0.71894324,0.2810568
296,0.6724293,0.32757068
305,0.60421634,0.39578363
317,0.63403964,0.36596033
321,0.64899814,0.35100183
322,0.6736592,0.32634082
323,0.6769842,0.3230158
324,0.73677796,0.26322204
325,0.81460905,0.18539093
339,0.6000991,0.3999009
342,0.70270765,0.29729238
343,0.83599013,0.16400988
350,0.5424539,0.4575461
354,0.7186813,0.28131872
362,0.6459689,0.3540311
364,0.64233273,0.35766727
370,0.741716,0.25828397
383,0.66958404,0.330416
387,0.73677796,0.26322204
392,0.6727567,0.32724336
404,0.615909,0.38409102
405,0.6239837,0.37601632
407,0.61463225,0.38536775
408,0.64971614,0.35028383
412,0.63907623,0.36092374
417,0.65122133,0.34877867
420,0.6947961,0.30520394
427,0.6743887,0.3256113
438,0.741782,0.258218
441,0.757477,0.24252301
446,0.6573082,0.34269178
448,0.69929683,0.30070314
451,0.7611556,0.23884438
453,0.6877986,0.3122014
462,0.5876566,0.4123434
465,0.6264993,0.3735007
467,0.50433856,0.49566144
476,0.6877291,0.31227085
481,0.68916976,0.31083027
484,0.7443131,0.2556869
489,0.67646956,0.32353044
506,0.67423344,0.32576656
508,0.66182536,0.33817464
511,0.64899814,0.35100183
512,0.664958,0.33504203
517,0.7134016,0.28659838
518,0.61807907,0.3819209
522,0.53783923,0.46216077
523,0.62561023,0.37438977
526,0.7083769,0.29162315
531,0.7060257,0.2939743
538,0.5800344,0.4199656
543,0.6891585,0.3108415
546,0.56127983,0.43872017
547,0.735062,0.26493803
557,0.5156439,0.4843561
558,0.4576524,0.5423476
559,0.60173905,0.39826095
560,0.8298062,0.1701938
567,0.7440821,0.25591788
568,0.57181096,0.42818904
571,0.65427685,0.34572318
584,0.74809384,0.25190613
589,0.5995407,0.4004593
590,0.7022977,0.29770228
593,0.56108963,0.4389104
595,0.7223319,0.27766812
619,0.5396148,0.4603852
620,0.60136306,0.3986369
628,0.647923,0.35207704
642,0.7621956,0.23780443
647,0.54486716,0.45513284
649,0.6381625,0.3618375
651,0.6750274,0.32497266
652,0.7802327,0.21976727
654,0.5677817,0.43221828
655,0.6221867,0.37781328
658,0.54297507,0.45702496
659,0.6139196,0.38608038
675,0.7653857,0.23461433
676,0.61448765,0.38551232
678,0.7251284,0.27487162
684,0.65427685,0.34572318
690,0.69688237,0.3031176
691,0.59004676,0.40995327
693,0.7496113,0.25038868
711,0.5124687,0.4875313
712,0.56836224,0.4316378
723,0.62687767,0.37312236
738,0.6535129,0.3464871
741,0.6390532,0.36094677
745,0.65145546,0.34854454
752,0.71209043,0.28790957
761,0.8000492,0.19995084
766,0.53209263,0.46790737
776,0.6261345,0.3738655
789,0.85997766,0.14002235
799,0.6492046,0.35079536
800,0.7835893,0.21641068
805,0.7172011,0.28279886
820,0.6501534,0.34984657
821,0.65317446,0.34682554
827,0.7988224,0.20117763
840,0.69461834,0.30538166
861,0.5578058,0.4421942
867,0.69436467,0.30563533
870,0.74884963,0.2511504
871,0.8204045,0.17959546
877,0.47025883,0.52974117
879,0.74637306,0.2536269
891,0.6123449,0.38765508
895,0.57290196,0.427098
896,0.66057694,0.33942303
899,0.74785453,0.25214547
900,0.5080422,0.4919578
901,0.52160144,0.47839856
903,0.66042185,0.33957818
905,0.5140319,0.48596808
916,0.5724118,0.4275882
917,0.7339554,0.26604465
923,0.67835736,0.3216426
925,0.75356096,0.24643905
929,0.7707698,0.22923021
930,0.733575,0.26642498
933,0.5974906,0.4025094
935,0.49467587,0.5053241
941,0.606832,0.39316797
960,0.7603714,0.23962861
964,0.69732434,0.30267566
967,0.75171465,0.24828534
969,0.71248645,0.28751355
971,0.44688708,0.5531129
975,0.4935543,0.5064457
982,0.7781224,0.2218776
996,0.50839746,0.49160257
1000,0.7576034,0.2423966
1010,0.5612656,0.43873444
1016,0.5368246,0.46317542
1018,0.6813516,0.3186484
1030,0.7603572,0.2396428
1031,0.7114263,0.28857368
1033,0.6845689,0.3154311
1042,0.6157563,0.38424373
1043,0.60042894,0.39957103
1044,0.77294815,0.22705188
1046,0.57955635,0.42044362
1047,0.68143606,0.3185639
1050,0.7168311,0.2831689
1054,0.5251343,0.47486565
3,0.7360562,0.26394376
15,0.5778401,0.4221599
20,0.6902257,0.3097743
24,0.6458516,0.35414842
25,0.5001234,0.49987665
27,0.635153,0.364847
28,0.6231686,0.37683138
36,0.57968354,0.42031643
39,0.7040349,0.2959651
43,0.8969721,0.103027865
45,0.58498925,0.41501075
46,0.55447304,0.44552696
50,0.6539048,0.34609517
51,0.7536924,0.2463076
68,0.5681348,0.4318652
74,0.4899813,0.5100187
79,0.6207423,0.37925768
84,0.58525205,0.41474798
93,0.5949552,0.40504482
96,0.52176476,0.47823524
99,0.63712776,0.36287227
103,0.65136194,0.34863806
105,0.5557836,0.4442164
113,0.6451441,0.35485592
118,0.65631926,0.34368074
128,0.66008914,0.3399109
130,0.62848157,0.37151843
133,0.6063795,0.39362046
135,0.56870043,0.4312996
142,0.5914768,0.40852323
149,0.54266346,0.45733652
152,0.4421224,0.5578776
155,0.5852455,0.41475454
156,0.58071756,0.41928247
158,0.42074776,0.57925224
160,0.616026,0.38397402
162,0.5378823,0.4621177
163,0.7809281,0.21907191
166,0.81991285,0.18008713
167,0.69346094,0.3065391
169,0.56464654,0.43535346
171,0.7239138,0.27608624
173,0.54713285,0.45286712
178,0.64422786,0.3557721
179,0.6355448,0.36445522
181,0.7613824,0.23861758
182,0.67691255,0.32308742
189,0.8810706,0.1189294
194,0.578575,0.421425
197,0.7254167,0.27458328
204,0.5920242,0.4079758
205,0.5813115,0.41868848
210,0.7447433,0.2552567
217,0.5847951,0.4152049
219,0.84891367,0.15108635
232,0.5805386,0.41946143
244,0.67555165,0.32444832
250,0.6289836,0.37101638
253,0.45727342,0.5427266
267,0.6445584,0.35544154
268,0.71836066,0.2816393
270,0.7145363,0.28546366
275,0.525663,0.47433698
281,0.61007714,0.38992283
285,0.5789763,0.42102373
290,0.5565324,0.44346762
291,0.6806357,0.31936434
301,0.69303596,0.30696404
302,0.6150719,0.38492814
308,0.5611383,0.4388617
315,0.73053503,0.269465
316,0.3973869,0.6026131
333,0.48992908,0.5100709
337,0.78794193,0.2120581
348,0.6611031,0.33889684
353,0.4518848,0.5481152
359,0.647818,0.35218197
360,0.49424112,0.5057589
361,0.5782223,0.42177776
371,0.3963303,0.6036697
373,0.47380018,0.5261998
378,0.75137174,0.24862826
379,0.61277235,0.38722768
381,0.7188783,0.28112167
391,0.6143125,0.38568744
393,0.46689445,0.53310555
402,0.7062421,0.29375795
403,0.7073424,0.29265764
411,0.65553707,0.34446293
413,0.6050676,0.39493242
414,0.49291867,0.50708133
421,0.6899812,0.31001878
422,0.5960889,0.40391108
429,0.5313522,0.46864778
436,0.67498577,0.3250142
439,0.70303303,0.29696697
440,0.6543939,0.34560606
452,0.55007446,0.44992554
458,0.83382475,0.16617528
461,0.6167387,0.38326132
466,0.68105,0.31895
470,0.740101,0.259899
478,0.58175206,0.41824794
479,0.51399195,0.48600805
482,0.43319505,0.56680495
492,0.6865514,0.3134486
495,0.62838376,0.37161624
505,0.5460619,0.45393816
514,0.69134355,0.30865645
521,0.7755028,0.22449721
528,0.5420834,0.4579166
530,0.6170987,0.38290128
541,0.6613556,0.33864436
548,0.63608927,0.36391073
562,0.5931678,0.4068322
580,0.6018747,0.3981253
582,0.56183696,0.43816304
583,0.7138434,0.2861566
587,0.6231686,0.37683138
592,0.5339567,0.4660433
597,0.69591993,0.30408007
598,0.63611203,0.36388797
599,0.4091286,0.5908714
607,0.48973042,0.5102696
608,0.37064785,0.62935215
612,0.6831889,0.3168111
625,0.42571902,0.574281
627,0.53536546,0.46463457
630,0.8476398,0.15236019
632,0.5880662,0.41193378
637,0.32861435,0.67138565
639,0.703601,0.29639897
643,0.49712527,0.50287473
648,0.5708136,0.4291864
661,0.8200146,0.17998537
667,0.6807872,0.3192128
673,0.7149972,0.28500286
681,0.7039338,0.29606622
682,0.54781055,0.45218945
688,0.63451433,0.36548564
697,0.53837085,0.46162918
699,0.6849762,0.3150238
702,0.6876716,0.3123284
705,0.65163326,0.34836674
715,0.61249185,0.38750818
717,0.63425434,0.36574563
720,0.6672004,0.3327996
729,0.5445942,0.45540577
731,0.84980786,0.15019217
746,0.72173196,0.27826804
747,0.743443,0.25655702
750,0.5521003,0.4478997
757,0.626871,0.37312898
759,0.576208,0.42379197
762,0.6431104,0.3568896
764,0.51897895,0.48102105
768,0.74913186,0.25086814
773,0.6916255,0.3083745
777,0.60746735,0.39253265
782,0.5546619,0.44533807
783,0.5630138,0.43698624
788,0.78383833,0.21616165
792,0.6011591,0.39884087
796,0.6223267,0.37767333
802,0.6757666,0.3242334
808,0.6996696,0.30033043
819,0.63713586,0.36286417
823,0.63091826,0.36908174
828,0.8200146,0.17998537
833,0.4785595,0.5214405
835,0.45325333,0.5467467
846,0.4543317,0.5456683
848,0.70564854,0.29435143
852,0.50151503,0.49848494
862,0.56348866,0.43651134
863,0.6221115,0.3778885
872,0.635861,0.36413902
874,0.57831424,0.42168576
880,0.71724904,0.28275096
886,0.63386905,0.36613095
890,0.66156757,0.33843243
902,0.49602968,0.5039703
904,0.48174763,0.5182524
907,0.49419641,0.5058036
908,0.5515489,0.4484511
909,0.80494446,0.19505556
912,0.6580925,0.34190753
922,0.61431,0.38568997
926,0.81853616,0.18146381
932,0.78251845,0.21748155
938,0.70210826,0.2978917
939,0.47113585,0.52886415
940,0.792113,0.207887
943,0.64312553,0.3568745
945,0.72889304,0.271107
946,0.779256,0.22074401
952,0.8253922,0.1746078
953,0.63550115,0.36449882
955,0.6059668,0.39403316
968,0.8516994,0.14830057
981,0.7627192,0.23728077
989,0.606078,0.39392197
995,0.6575817,0.3424183
999,0.66399956,0.33600047
1002,0.6933688,0.3066312
1005,0.7401754,0.25982457
1015,0.7982367,0.2017633
1020,0.51869375,0.48130625
1022,0.6555046,0.34449545
1036,0.62104607,0.37895396
1039,0.4170943,0.5829057
1,0.7763496,0.22365038
5,0.6250076,0.37499237
8,0.71843386,0.28156614
12,0.6588857,0.34111425
14,0.56404525,0.43595475
26,0.5110743,0.48892573
30,0.7515347,0.24846533
31,0.77101785,0.22898215
32,0.5618513,0.43814868
49,0.7640583,0.23594171
54,0.7039953,0.2960047
60,0.5459173,0.45408273
61,0.6239116,0.37608838
64,0.6415787,0.35842133
83,0.70068395,0.29931602
87,0.7781708,0.22182916
88,0.71512485,0.28487515
90,0.6413411,0.35865894
95,0.6159641,0.3840359
98,0.5374077,0.4625923
101,0.725126,0.27487394
104,0.6692303,0.33076972
108,0.5879034,0.41209665
109,0.7912934,0.20870659
111,0.8456228,0.15437722
117,0.43996245,0.56003755
120,0.6707319,0.3292681
122,0.605628,0.39437202
125,0.8280997,0.1719003
129,0.607504,0.392496
136,0.6805514,0.31944862
139,0.75373363,0.24626635
141,0.506074,0.493926
143,0.6685751,0.3314249
144,0.60976696,0.390233
147,0.6239116,0.37608838
150,0.5676582,0.43234184
153,0.60502076,0.3949792
165,0.6560744,0.3439256
168,0.73444223,0.26555774
175,0.6404114,0.3595886
192,0.6100687,0.38993135
203,0.63466096,0.36533904
214,0.6545709,0.34542912
218,0.60230887,0.39769116
226,0.52697885,0.47302115
228,0.5833993,0.41660067
236,0.6815864,0.31841362
238,0.5280942,0.4719058
241,0.68408716,0.31591287
245,0.62209916,0.37790087
247,0.6532339,0.3467661
251,0.37613672,0.6238633
258,0.6723842,0.3276158
259,0.46942502,0.530575
274,0.66497386,0.33502617
278,0.71257424,0.28742573
286,0.7597393,0.24026069
293,0.5656426,0.4343574
298,0.764737,0.23526298
306,0.6121414,0.38785863
307,0.67574906,0.32425097
310,0.46932817,0.53067183
311,0.6170962,0.3829038
312,0.69944835,0.30055165
314,0.6896106,0.31038943
319,0.81273663,0.18726335
326,0.7434522,0.25654784
327,0.4537843,0.5462157
328,0.61540675,0.38459325
329,0.72452104,0.275479
330,0.6379008,0.3620992
332,0.6136435,0.3863565
335,0.6915977,0.30840233
336,0.5715941,0.42840588
338,0.84804296,0.15195704
340,0.74951035,0.25048965
344,0.6076884,0.39231157
355,0.6894201,0.31057993
356,0.47263002,0.52737
358,0.7008227,0.29917732
363,0.75739765,0.24260232
365,0.4774438,0.5225562
366,0.79990184,0.20009816
367,0.70068395,0.29931602
369,0.7079588,0.29204115
374,0.60244036,0.39755967
376,0.6442734,0.35572657
377,0.58230054,0.41769943
380,0.47198272,0.5280173
388,0.67329407,0.32670596
394,0.68455315,0.31544688
395,0.52697885,0.47302115
396,0.49381012,0.5061899
400,0.43576074,0.56423926
416,0.72468126,0.27531877
425,0.707945,0.29205498
431,0.6191483,0.3808517
433,0.5837594,0.41624057
454,0.6968516,0.30314836
456,0.7737985,0.22620149
459,0.5881698,0.41183016
460,0.7399499,0.26005012
474,0.6148088,0.38519117
475,0.639341,0.360659
487,0.7929337,0.20706633
488,0.60421884,0.39578113
490,0.6345928,0.3654072
494,0.5203766,0.47962338
496,0.6679342,0.3320658
497,0.6868215,0.31317848
503,0.5577037,0.44229633
504,0.66433084,0.3356692
510,0.75920707,0.24079295
515,0.6953819,0.30461812
516,0.5838316,0.4161684
525,0.6972314,0.30276856
529,0.4333222,0.5666778
533,0.40649468,0.5935053
539,0.65094846,0.34905154
549,0.48123235,0.51876765
556,0.3799498,0.6200502
561,0.6000609,0.39993912
565,0.63102424,0.36897573
575,0.55447066,0.44552937
576,0.6335869,0.36641312
577,0.6099359,0.39006412
579,0.4281153,0.5718847
588,0.638854,0.36114597
591,0.71899974,0.28100023
601,0.5887141,0.41128588
602,0.44085592,0.5591441
605,0.5595208,0.44047922
629,0.7496394,0.25036058
634,0.69328964,0.30671036
635,0.6737057,0.32629433
644,0.712044,0.28795597
662,0.5748874,0.42511263
663,0.5898993,0.4101007
685,0.5474904,0.45250958
689,0.64891875,0.35108122
692,0.54932725,0.45067275
700,0.5521531,0.44784692
709,0.41848755,0.58151245
716,0.5258348,0.47416523
718,0.7626372,0.23736279
727,0.8003639,0.19963613
730,0.4818377,0.5181623
734,0.7564929,0.24350709
735,0.5144093,0.48559067
739,0.5912259,0.40877408
744,0.62229764,0.3777024
748,0.6636848,0.3363152
753,0.6883576,0.31164244
754,0.7379718,0.26202825
755,0.5997039,0.40029606
756,0.576692,0.42330799
760,0.55552155,0.44447845
771,0.71286464,0.28713536
779,0.6065084,0.3934916
791,0.5480262,0.45197377
798,0.535379,0.464621
801,0.6181371,0.38186285
812,0.7772802,0.2227198
814,0.53914297,0.46085703
817,0.6220583,0.3779417
825,0.58353513,0.41646487
832,0.8087778,0.19122219
837,0.6100687,0.38993135
838,0.72454643,0.27545354
844,0.72546947,0.27453056
849,0.59496176,0.40503827
850,0.68677986,0.31322014
851,0.68152916,0.31847084
856,0.7590328,0.24096723
864,0.61173064,0.38826936
868,0.7591698,0.24083017
885,0.78310585,0.21689418
887,0.6330179,0.36698213
888,0.55024683,0.44975317
893,0.723722,0.27627802
911,0.65509415,0.34490588
913,0.64059585,0.35940415
914,0.6808278,0.3191722
915,0.6593579,0.3406421
919,0.7365225,0.2634775
936,0.7017844,0.29821566
942,0.6120566,0.38794336
944,0.79793245,0.20206757
958,0.67821497,0.32178503
962,0.6451745,0.35482547
963,0.86404175,0.13595824
974,0.72642463,0.27357537
977,0.6350292,0.36497077
979,0.82359415,0.17640585
983,0.58994246,0.41005751
985,0.66266745,0.33733255
987,0.5689887,0.4310113
988,0.7436725,0.25632748
993,0.5244356,0.47556442
1017,0.7849207,0.21507932
1021,0.77197075,0.22802924
1023,0.79025364,0.20974638
1027,0.67692643,0.32307357
1028,0.4872905,0.5127095
1029,0.8266173,0.17338268
1032,0.79026914,0.20973086
1038,0.4000808,0.5999192
1049,0.7702984,0.22970158
1051,0.79013556,0.20986445
1053,0.70122385,0.29877615
10,0.6398779,0.36012205
22,0.56650144,0.43349856
29,0.5910733,0.4089267
38,0.5982704,0.40172958
40,0.6579487,0.34205133
42,0.63735557,0.3626444
44,0.6264695,0.3735305
47,0.63942915,0.36057085
53,0.5284819,0.4715181
59,0.6106548,0.38934523
73,0.59861875,0.40138122
78,0.613942,0.38605794
82,0.6099765,0.39002353
86,0.5855175,0.41448247
89,0.6298065,0.37019348
92,0.65999174,0.3400083
110,0.5648035,0.43519652
115,0.5482451,0.4517549
134,0.6650593,0.33494067
138,0.64429754,0.35570246
140,0.6532973,0.34670272
146,0.7312083,0.26879168
159,0.60907626,0.3909237
164,0.59989554,0.40010446
174,0.7381189,0.2618811
180,0.66128606,0.33871394
184,0.56275856,0.43724146
191,0.6061238,0.39387622
193,0.5257422,0.47425783
196,0.6147448,0.3852552
198,0.5712755,0.42872456
202,0.63955534,0.36044464
213,0.5704017,0.42959827
216,0.65035474,0.34964523
223,0.5960835,0.40391645
224,0.61990386,0.38009614
230,0.5463978,0.45360216
231,0.59258413,0.4074159
233,0.74774563,0.25225437
234,0.57832134,0.42167863
237,0.5776242,0.4223758
242,0.69087726,0.30912274
243,0.69382757,0.30617243
257,0.668195,0.331805
260,0.59606457,0.40393543
261,0.5841645,0.4158355
265,0.5600523,0.43994775
273,0.5851712,0.41482875
279,0.60718524,0.39281476
303,0.6297965,0.3702035
309,0.6235893,0.37641072
313,0.6359581,0.36404195
318,0.6174274,0.3825726
320,0.73537105,0.26462895
334,0.5284819,0.4715181
347,0.5492953,0.45070472
352,0.6783034,0.32169658
357,0.66686904,0.333131
372,0.5857848,0.41421524
382,0.6544535,0.3455465
384,0.562534,0.437466
398,0.5891884,0.4108116
399,0.6330193,0.36698064
409,0.5799022,0.42009786
418,0.5362014,0.46379858
419,0.5243792,0.4756208
423,0.60286486,0.39713514
430,0.64417875,0.35582128
435,0.654251,0.345749
437,0.6932221,0.3067779
447,0.5992973,0.4007027
449,0.5617783,0.4382217
463,0.5946984,0.40530154
468,0.5354799,0.46452007
472,0.6367245,0.3632755
486,0.61628896,0.38371104
498,0.6877938,0.3122062
500,0.6249713,0.37502873
501,0.6199317,0.38006833
507,0.5977057,0.40229428
509,0.69051874,0.30948126
520,0.61970115,0.38029885
524,0.68244016,0.31755987
527,0.6504477,0.3495523
537,0.53397626,0.46602374
542,0.60658187,0.39341813
545,0.6298065,0.37019348
550,0.6700799,0.3299201
551,0.5591339,0.4408661
553,0.6099857,0.39001432
555,0.53787845,0.46212155
563,0.70758796,0.29241204
566,0.64132416,0.35867587
572,0.5828607,0.41713926
574,0.63260996,0.36739007
578,0.64305705,0.35694295
585,0.6014981,0.39850184
586,0.5444827,0.4555173
594,0.616696,0.383304
596,0.5694419,0.4305581
603,0.60353136,0.39646867
610,0.6647328,0.33526716
611,0.64601797,0.35398203
614,0.6350228,0.36497718
615,0.6365469,0.3634531
618,0.6893184,0.31068158
621,0.5776539,0.42234612
622,0.71003485,0.28996515
623,0.6484268,0.35157326
624,0.63810486,0.36189514
626,0.6726991,0.32730088
633,0.6899443,0.31005567
638,0.5275537,0.47244635
640,0.6828569,0.31714308
645,0.67231363,0.32768637
653,0.7017095,0.29829052
656,0.60247946,0.39752057
660,0.5962905,0.40370947
668,0.5750106,0.4249894
672,0.5733663,0.42663372
674,0.66999876,0.33000124
677,0.63790035,0.36209965
679,0.47697628,0.5230237
686,0.5985037,0.4014963
687,0.6263826,0.37361744
696,0.60951555,0.39048442
701,0.60774136,0.39225867
703,0.60690844,0.39309153
704,0.63347304,0.366527
707,0.6341706,0.3658294
713,0.6056335,0.3943665
714,0.6127634,0.38723662
719,0.7113776,0.2886224
721,0.7123177,0.28768232
724,0.7093643,0.2906357
725,0.65799016,0.34200984
726,0.65026784,0.3497322
732,0.7277523,0.27224764
736,0.6809466,0.31905338
737,0.5257422,0.47425783
740,0.57582986,0.42417017
749,0.65026784,0.3497322
751,0.64079225,0.35920778
758,0.6115955,0.3884045
765,0.65562475,0.34437528
767,0.5257895,0.47421053
772,0.5824238,0.4175762
774,0.68185115,0.31814882
778,0.66012263,0.33987737
784,0.6579487,0.34205133
793,0.59614533,0.40385467
794,0.6350228,0.36497718
795,0.537882,0.462118
803,0.56080115,0.43919888
807,0.71481323,0.28518677
813,0.59637,0.40363005
815,0.6780549,0.32194504
818,0.64601797,0.35398203
822,0.6012132,0.39878675
824,0.68910956,0.31089044
826,0.6571981,0.34280193
830,0.58614784,0.41385216
834,0.6185831,0.38141695
839,0.58614784,0.41385216
841,0.6597895,0.3402105
842,0.5997206,0.40027943
855,0.6183678,0.38163224
857,0.59091437,0.4090856
865,0.63735557,0.3626444
866,0.6128584,0.38714162
878,0.6626989,0.33730108
881,0.580902,0.41909805
882,0.60438275,0.39561725
897,0.654251,0.345749
898,0.6649517,0.33504832
910,0.6880497,0.31195033
918,0.6172358,0.38276425
920,0.6396547,0.3603453
921,0.57209796,0.42790204
924,0.64494634,0.3550537
928,0.64401186,0.35598817
934,0.6482854,0.3517146
947,0.6207638,0.37923625
949,0.5834713,0.4165287
950,0.6925356,0.30746442
959,0.6371926,0.36280742
970,0.64757013,0.3524299
972,0.57715607,0.42284393
973,0.58011687,0.41988313
976,0.5948324,0.4051676
986,0.56687796,0.43312207
991,0.5732474,0.42675263
992,0.62810725,0.37189275
997,0.6625589,0.33744106
998,0.6785644,0.32143557
1006,0.6482854,0.3517146
1007,0.56741273,0.4325873
1008,0.6289712,0.37102878
1009,0.68979174,0.31020826
1011,0.71022713,0.2897729
1012,0.57885486,0.42114514
1019,0.6963211,0.30367887
1024,0.5893214,0.4106786
1025,0.64310175,0.35689825
1026,0.63379353,0.36620647
1034,0.6409098,0.35909018
1037,0.6617879,0.33821207
1040,0.68820095,0.31179905
1041,0.644002,0.35599798
1048,0.58413064,0.41586939
1052,0.576867,0.42313302
0,0.680256,0.319744
6,0.48483646,0.51516354
7,0.6902503,0.30974975
13,0.7171823,0.28281775
16,0.7803942,0.2196058
18,0.64580387,0.35419613
21,0.6536367,0.34636334
34,0.441114,0.558886
37,0.4565689,0.5434311
41,0.61531484,0.38468513
52,0.70383084,0.29616916
56,0.5731398,0.42686024
57,0.6451429,0.35485706
62,0.7312932,0.26870677
67,0.6000647,0.3999353
70,0.5084487,0.4915513
76,0.5747421,0.42525795
81,0.664355,0.33564502
85,0.48483646,0.51516354
91,0.6806091,0.3193909
100,0.7951191,0.20488091
106,0.52922845,0.47077152
114,0.63704205,0.36295792
121,0.5028334,0.49716657
124,0.6701164,0.32988358
137,0.7553815,0.24461849
154,0.6573007,0.3426993
161,0.6762686,0.32373145
172,0.60894877,0.39105123
176,0.6970579,0.3029421
177,0.79410976,0.20589025
186,0.64862776,0.3513722
187,0.72728467,0.2727153
190,0.62812555,0.37187445
195,0.5205103,0.47948965
201,0.5731374,0.4268626
206,0.6359623,0.3640377
212,0.5296359,0.47036406
215,0.6162272,0.3837728
220,0.66316485,0.33683518
222,0.6789197,0.32108036
239,0.56689173,0.43310827
240,0.6054934,0.39450657
248,0.47545493,0.5245451
249,0.58861256,0.41138744
252,0.55944175,0.44055825
255,0.5272913,0.47270867
256,0.72170365,0.27829632
264,0.5745908,0.4254092
266,0.63343996,0.36656004
269,0.66636264,0.33363736
276,0.5189345,0.48106548
277,0.61252713,0.38747287
280,0.53919274,0.46080726
282,0.68587375,0.31412628
288,0.6261802,0.37381983
292,0.70768714,0.29231283
294,0.5820241,0.41797587
297,0.6785302,0.32146975
299,0.6117319,0.3882681
300,0.715502,0.28449798
304,0.62034136,0.37965864
331,0.61955273,0.38044727
341,0.74759555,0.25240442
345,0.5657752,0.43422478
346,0.7247548,0.27524522
349,0.61146563,0.38853437
351,0.6159525,0.38404754
368,0.69101155,0.30898848
375,0.70154333,0.29845667
385,0.56161296,0.43838704
386,0.53339326,0.46660677
389,0.5326361,0.4673639
390,0.48045248,0.5195475
397,0.6222011,0.37779891
401,0.47139245,0.52860755
406,0.534042,0.46595797
410,0.66484505,0.33515495
415,0.5973284,0.4026716
424,0.6790877,0.3209123
426,0.6201112,0.37988877
428,0.6057724,0.39422762
432,0.7553815,0.24461849
434,0.63669956,0.3633004
442,0.6844945,0.3155055
443,0.669085,0.33091494
444,0.6143193,0.38568065
445,0.62469447,0.3753055
450,0.6585894,0.34141058
455,0.6472938,0.35270616
457,0.47497666,0.52502334
464,0.64621294,0.35378706
469,0.55972993,0.4402701
471,0.66636264,0.33363736
473,0.6916276,0.30837238
477,0.6417606,0.3582394
480,0.62565327,0.3743467
483,0.5555432,0.4444568
485,0.6254803,0.3745197
491,0.47986865,0.52013135
493,0.7065592,0.2934408
499,0.6568276,0.34317237
502,0.52965724,0.47034276
513,0.50900936,0.49099067
519,0.5131044,0.48689562
532,0.66821074,0.33178923
534,0.6930995,0.30690047
535,0.58487344,0.41512653
536,0.6691086,0.33089134
540,0.5727874,0.4272126
544,0.66779244,0.33220753
552,0.8423126,0.15768743
554,0.66355634,0.33644363
564,0.6550311,0.34496891
569,0.63531446,0.36468557
570,0.59793687,0.40206316
573,0.58878535,0.41121465
581,0.721217,0.27878302
600,0.5657542,0.43424582
604,0.6315492,0.36845082
606,0.60501254,0.3949875
609,0.60260296,0.397397
613,0.6911541,0.30884585
616,0.64468503,0.355315
617,0.7520945,0.24790552
631,0.6421062,0.3578938
636,0.7548284,0.24517162
641,0.7017472,0.29825285
646,0.63809353,0.36190647
650,0.74080455,0.25919542
657,0.6879796,0.3120204
664,0.57075644,0.4292436
665,0.65896094,0.34103903
666,0.6110487,0.38895133
669,0.79945165,0.20054835
670,0.6517798,0.3482202
671,0.5109991,0.48900095
680,0.58214366,0.41785637
683,0.611521,0.38847902
694,0.65890115,0.34109885
695,0.68054044,0.31945953
698,0.5545572,0.4454428
706,0.5342635,0.46573654
708,0.68015575,0.31984422
710,0.80148035,0.19851966
722,0.6537297,0.34627035
728,0.6316627,0.3683373
733,0.47315794,0.52684206
742,0.5827192,0.41728082
743,0.7175609,0.2824391
763,0.54399985,0.45600015
769,0.62879485,0.37120515
770,0.6476065,0.35239348
775,0.5635904,0.43640956
780,0.6794217,0.32057828
781,0.70063466,0.29936534
785,0.6143665,0.38563353
786,0.64054894,0.35945103
787,0.6182928,0.3817072
790,0.5457727,0.4542273
797,0.60630834,0.39369163
804,0.6482835,0.35171652
806,0.7214877,0.2785123
809,0.66395926,0.33604074
810,0.66744196,0.33255804
811,0.65185654,0.3481435
816,0.6375172,0.36248276
829,0.7214473,0.2785527
831,0.7494434,0.25055662
836,0.65447354,0.34552643
843,0.70289314,0.29710683
845,0.6249567,0.37504327
847,0.6265335,0.37346646
853,0.6459241,0.35407594
854,0.7032408,0.2967592
858,0.7255975,0.2744025
859,0.6770698,0.3229302
860,0.71932757,0.2806724
869,0.76462746,0.23537254
873,0.5282743,0.47172567
875,0.60894877,0.39105123
876,0.5138353,0.48616466
883,0.6662599,0.3337401
884,0.6660147,0.33398533
889,0.6027442,0.39725575
892,0.6298742,0.3701258
894,0.71565616,0.28434387
906,0.57767785,0.42232212
927,0.6132207,0.38677928
931,0.5145434,0.4854566
937,0.5411806,0.4588194
948,0.55697286,0.44302714
951,0.6164328,0.38356718
954,0.5668464,0.43315366
956,0.6461762,0.35382378
957,0.63917094,0.36082906
961,0.5315801,0.4684199
965,0.5127543,0.48724565
966,0.63629377,0.36370626
978,0.6947319,0.3052681
980,0.62350464,0.37649533
984,0.78506756,0.21493243
990,0.75696456,0.24303544
994,0.69850653,0.30149347
1001,0.6119869,0.38801312
1003,0.49335748,0.5066425
1004,0.72771657,0.2722834
1013,0.63258314,0.3674169
1014,0.728367,0.27163303
1035,0.6388267,0.36117327
1045,0.69875646,0.30124354
