광고타입,서비스ID,채널명,서버 타입,삽입시간,날짜,시간,Date,Time
A,297,iHQ drama,M,2022-02-22 02:06:52,2022-02-22,02:06:52,20220222,20652
A,297,iHQ drama,M,2022-02-22 02:09:00,2022-02-22,02:09:00,20220222,20900
A,297,iHQ drama,M,2022-02-22 03:25:46,2022-02-22,03:25:46,20220222,32546
A,297,iHQ drama,M,2022-02-22 03:27:55,2022-02-22,03:27:55,20220222,32755
A,297,iHQ drama,M,2022-02-22 04:20:11,2022-02-22,04:20:11,20220222,42011
A,297,iHQ drama,M,2022-02-22 04:22:19,2022-02-22,04:22:19,20220222,42219
A,297,iHQ drama,M,2022-02-22 05:26:15,2022-02-22,05:26:15,20220222,52615
A,297,iHQ drama,M,2022-02-22 05:28:23,2022-02-22,05:28:23,20220222,52823
A,297,iHQ drama,M,2022-02-22 06:55:55,2022-02-22,06:55:55,20220222,65555
A,297,iHQ drama,M,2022-02-22 06:58:03,2022-02-22,06:58:03,20220222,65803
A,297,iHQ drama,M,2022-02-22 08:19:08,2022-02-22,08:19:08,20220222,81908
A,297,iHQ drama,M,2022-02-22 08:21:15,2022-02-22,08:21:15,20220222,82115
A,297,iHQ drama,M,2022-02-22 09:43:43,2022-02-22,09:43:43,20220222,94343
A,297,iHQ drama,M,2022-02-22 09:45:51,2022-02-22,09:45:51,20220222,94551
A,297,iHQ drama,M,2022-02-22 11:08:47,2022-02-22,11:08:47,20220222,110847
A,297,iHQ drama,M,2022-02-22 11:10:55,2022-02-22,11:10:55,20220222,111055
A,297,iHQ drama,M,2022-02-22 12:20:46,2022-02-22,12:20:46,20220222,122046
A,297,iHQ drama,M,2022-02-22 12:22:54,2022-02-22,12:22:54,20220222,122254
A,297,iHQ drama,M,2022-02-22 13:50:30,2022-02-22,13:50:30,20220222,135030
A,297,iHQ drama,M,2022-02-22 13:52:38,2022-02-22,13:52:38,20220222,135238
A,297,iHQ drama,M,2022-02-22 15:04:43,2022-02-22,15:04:43,20220222,150443
A,297,iHQ drama,M,2022-02-22 15:06:51,2022-02-22,15:06:51,20220222,150651
A,297,iHQ drama,M,2022-02-22 16:17:53,2022-02-22,16:17:53,20220222,161753
A,297,iHQ drama,M,2022-02-22 16:20:01,2022-02-22,16:20:01,20220222,162001
A,297,iHQ drama,M,2022-02-23 02:26:29,2022-02-23,02:26:29,20220223,22629
A,297,iHQ drama,M,2022-02-23 02:28:37,2022-02-23,02:28:37,20220223,22837
A,297,iHQ drama,M,2022-02-23 03:36:04,2022-02-23,03:36:04,20220223,33604
A,297,iHQ drama,M,2022-02-23 03:38:11,2022-02-23,03:38:11,20220223,33811
A,297,iHQ drama,M,2022-02-23 04:49:13,2022-02-23,04:49:13,20220223,44913
A,297,iHQ drama,M,2022-02-23 04:51:21,2022-02-23,04:51:21,20220223,45121
A,297,iHQ drama,M,2022-02-23 05:17:57,2022-02-23,05:17:57,20220223,51757
A,297,iHQ drama,M,2022-02-23 05:20:05,2022-02-23,05:20:05,20220223,52005
A,297,iHQ drama,M,2022-02-23 06:34:48,2022-02-23,06:34:48,20220223,63448
A,297,iHQ drama,M,2022-02-23 06:36:56,2022-02-23,06:36:56,20220223,63656
A,297,iHQ drama,M,2022-02-23 07:51:53,2022-02-23,07:51:53,20220223,75153
A,297,iHQ drama,M,2022-02-23 07:54:01,2022-02-23,07:54:01,20220223,75401
A,297,iHQ drama,M,2022-02-23 08:53:05,2022-02-23,08:53:05,20220223,85305
A,297,iHQ drama,M,2022-02-23 08:55:13,2022-02-23,08:55:13,20220223,85513
A,297,iHQ drama,M,2022-02-23 10:18:32,2022-02-23,10:18:32,20220223,101832
A,297,iHQ drama,M,2022-02-23 10:20:40,2022-02-23,10:20:40,20220223,102040
A,297,iHQ drama,M,2022-02-23 11:15:20,2022-02-23,11:15:20,20220223,111520
A,297,iHQ drama,M,2022-02-23 11:17:28,2022-02-23,11:17:28,20220223,111728
A,297,iHQ drama,M,2022-02-23 12:29:13,2022-02-23,12:29:13,20220223,122913
A,297,iHQ drama,M,2022-02-23 12:31:21,2022-02-23,12:31:21,20220223,123121
A,297,iHQ drama,M,2022-02-23 13:42:36,2022-02-23,13:42:36,20220223,134236
A,297,iHQ drama,M,2022-02-23 13:44:44,2022-02-23,13:44:44,20220223,134444
A,297,iHQ drama,M,2022-02-23 15:04:45,2022-02-23,15:04:45,20220223,150445
A,297,iHQ drama,M,2022-02-23 15:06:53,2022-02-23,15:06:53,20220223,150653
A,297,iHQ drama,M,2022-02-24 02:37:17,2022-02-24,02:37:17,20220224,23717
A,297,iHQ drama,M,2022-02-24 02:39:25,2022-02-24,02:39:25,20220224,23925
A,297,iHQ drama,M,2022-02-24 03:57:47,2022-02-24,03:57:47,20220224,35747
A,297,iHQ drama,M,2022-02-24 03:59:55,2022-02-24,03:59:55,20220224,35955
A,297,iHQ drama,M,2022-02-24 05:15:48,2022-02-24,05:15:48,20220224,51548
A,297,iHQ drama,M,2022-02-24 05:17:56,2022-02-24,05:17:56,20220224,51756
A,297,iHQ drama,M,2022-02-24 06:35:57,2022-02-24,06:35:57,20220224,63557
A,297,iHQ drama,M,2022-02-24 06:38:05,2022-02-24,06:38:05,20220224,63805
A,297,iHQ drama,M,2022-02-24 08:10:52,2022-02-24,08:10:52,20220224,81052
A,297,iHQ drama,M,2022-02-24 08:13:00,2022-02-24,08:13:00,20220224,81300
A,297,iHQ drama,M,2022-02-24 09:38:11,2022-02-24,09:38:11,20220224,93811
A,297,iHQ drama,M,2022-02-24 09:40:19,2022-02-24,09:40:19,20220224,94019
A,297,iHQ drama,M,2022-02-24 11:04:48,2022-02-24,11:04:48,20220224,110448
A,297,iHQ drama,M,2022-02-24 11:06:56,2022-02-24,11:06:56,20220224,110656
A,297,iHQ drama,M,2022-02-24 12:14:53,2022-02-24,12:14:53,20220224,121453
A,297,iHQ drama,M,2022-02-24 12:17:01,2022-02-24,12:17:01,20220224,121701
A,297,iHQ drama,M,2022-02-24 13:35:36,2022-02-24,13:35:36,20220224,133536
A,297,iHQ drama,M,2022-02-24 13:37:44,2022-02-24,13:37:44,20220224,133744
A,297,iHQ drama,M,2022-02-24 15:00:36,2022-02-24,15:00:36,20220224,150036
A,297,iHQ drama,M,2022-02-24 15:02:44,2022-02-24,15:02:44,20220224,150244
A,297,iHQ drama,M,2022-02-24 16:10:11,2022-02-24,16:10:11,20220224,161011
A,297,iHQ drama,M,2022-02-24 16:12:19,2022-02-24,16:12:19,20220224,161219
A,297,iHQ drama,M,2022-02-24 17:35:38,2022-02-24,17:35:38,20220224,173538
A,297,iHQ drama,M,2022-02-24 17:37:46,2022-02-24,17:37:46,20220224,173746
A,297,iHQ drama,M,2022-02-25 02:45:32,2022-02-25,02:45:32,20220225,24532
A,297,iHQ drama,M,2022-02-25 02:47:40,2022-02-25,02:47:40,20220225,24740
A,297,iHQ drama,M,2022-02-25 03:47:10,2022-02-25,03:47:10,20220225,34710
A,297,iHQ drama,M,2022-02-25 03:49:18,2022-02-25,03:49:18,20220225,34918
A,297,iHQ drama,M,2022-02-25 05:09:07,2022-02-25,05:09:07,20220225,50907
A,297,iHQ drama,M,2022-02-25 05:11:15,2022-02-25,05:11:15,20220225,51115
A,297,iHQ drama,M,2022-02-25 06:13:59,2022-02-25,06:13:59,20220225,61359
A,297,iHQ drama,M,2022-02-25 06:16:07,2022-02-25,06:16:07,20220225,61607
A,297,iHQ drama,M,2022-02-25 07:46:23,2022-02-25,07:46:23,20220225,74623
A,297,iHQ drama,M,2022-02-25 07:48:31,2022-02-25,07:48:31,20220225,74831
A,297,iHQ drama,M,2022-02-25 09:08:32,2022-02-25,09:08:32,20220225,90832
A,297,iHQ drama,M,2022-02-25 09:10:40,2022-02-25,09:10:40,20220225,91040
A,297,iHQ drama,M,2022-02-25 10:35:15,2022-02-25,10:35:15,20220225,103515
A,297,iHQ drama,M,2022-02-25 10:37:23,2022-02-25,10:37:23,20220225,103723
A,297,iHQ drama,M,2022-02-25 11:34:38,2022-02-25,11:34:38,20220225,113438
A,297,iHQ drama,M,2022-02-25 11:36:46,2022-02-25,11:36:46,20220225,113646
A,297,iHQ drama,M,2022-02-25 12:59:05,2022-02-25,12:59:05,20220225,125905
A,297,iHQ drama,M,2022-02-25 13:01:13,2022-02-25,13:01:13,20220225,130113
A,297,iHQ drama,M,2022-02-25 14:07:10,2022-02-25,14:07:10,20220225,140710
A,297,iHQ drama,M,2022-02-25 14:09:19,2022-02-25,14:09:19,20220225,140919
A,297,iHQ drama,M,2022-02-25 15:17:45,2022-02-25,15:17:45,20220225,151745
A,297,iHQ drama,M,2022-02-25 15:19:53,2022-02-25,15:19:53,20220225,151953
A,297,iHQ drama,M,2022-02-25 16:44:13,2022-02-25,16:44:13,20220225,164413
A,297,iHQ drama,M,2022-02-25 16:46:21,2022-02-25,16:46:21,20220225,164621
A,297,iHQ drama,M,2022-02-26 02:31:41,2022-02-26,02:31:41,20220226,23141
A,297,iHQ drama,M,2022-02-26 02:33:49,2022-02-26,02:33:49,20220226,23349
A,297,iHQ drama,M,2022-02-26 03:45:46,2022-02-26,03:45:46,20220226,34546
A,297,iHQ drama,M,2022-02-26 03:47:54,2022-02-26,03:47:54,20220226,34754
A,297,iHQ drama,M,2022-02-26 05:02:11,2022-02-26,05:02:11,20220226,50211
A,297,iHQ drama,M,2022-02-26 05:04:19,2022-02-26,05:04:19,20220226,50419
A,297,iHQ drama,M,2022-02-26 06:21:01,2022-02-26,06:21:01,20220226,62101
A,297,iHQ drama,M,2022-02-26 06:23:09,2022-02-26,06:23:09,20220226,62309
A,297,iHQ drama,M,2022-02-26 07:18:10,2022-02-26,07:18:10,20220226,71810
A,297,iHQ drama,M,2022-02-26 07:20:18,2022-02-26,07:20:18,20220226,72018
A,297,iHQ drama,M,2022-02-26 08:39:56,2022-02-26,08:39:56,20220226,83956
A,297,iHQ drama,M,2022-02-26 08:42:04,2022-02-26,08:42:04,20220226,84204
A,297,iHQ drama,M,2022-02-26 09:46:42,2022-02-26,09:46:42,20220226,94642
A,297,iHQ drama,M,2022-02-26 09:48:50,2022-02-26,09:48:50,20220226,94850
A,297,iHQ drama,M,2022-02-26 10:57:30,2022-02-26,10:57:30,20220226,105730
A,297,iHQ drama,M,2022-02-26 10:59:38,2022-02-26,10:59:38,20220226,105938
A,297,iHQ drama,M,2022-02-26 12:25:28,2022-02-26,12:25:28,20220226,122528
A,297,iHQ drama,M,2022-02-26 12:27:36,2022-02-26,12:27:36,20220226,122736
A,297,iHQ drama,M,2022-02-26 13:37:41,2022-02-26,13:37:41,20220226,133741
A,297,iHQ drama,M,2022-02-26 13:39:49,2022-02-26,13:39:49,20220226,133949
A,297,iHQ drama,M,2022-02-26 15:03:13,2022-02-26,15:03:13,20220226,150313
A,297,iHQ drama,M,2022-02-26 15:05:21,2022-02-26,15:05:21,20220226,150521
A,297,iHQ drama,M,2022-02-26 16:12:31,2022-02-26,16:12:31,20220226,161231
A,297,iHQ drama,M,2022-02-26 16:14:39,2022-02-26,16:14:39,20220226,161439
A,297,iHQ drama,M,2022-02-27 02:01:30,2022-02-27,02:01:30,20220227,20130
A,297,iHQ drama,M,2022-02-27 02:03:38,2022-02-27,02:03:38,20220227,20338
A,297,iHQ drama,M,2022-02-27 03:09:47,2022-02-27,03:09:47,20220227,30947
A,297,iHQ drama,M,2022-02-27 03:11:55,2022-02-27,03:11:55,20220227,31155
A,297,iHQ drama,M,2022-02-27 04:26:34,2022-02-27,04:26:34,20220227,42634
A,297,iHQ drama,M,2022-02-27 04:28:42,2022-02-27,04:28:42,20220227,42842
A,297,iHQ drama,M,2022-02-27 05:51:07,2022-02-27,05:51:07,20220227,55107
A,297,iHQ drama,M,2022-02-27 05:53:15,2022-02-27,05:53:15,20220227,55315
A,297,iHQ drama,M,2022-02-27 07:10:29,2022-02-27,07:10:29,20220227,71029
A,297,iHQ drama,M,2022-02-27 07:12:37,2022-02-27,07:12:37,20220227,71237
A,297,iHQ drama,M,2022-02-27 08:14:36,2022-02-27,08:14:36,20220227,81436
A,297,iHQ drama,M,2022-02-27 08:16:44,2022-02-27,08:16:44,20220227,81644
A,297,iHQ drama,M,2022-02-27 09:10:54,2022-02-27,09:10:54,20220227,91054
A,297,iHQ drama,M,2022-02-27 09:13:02,2022-02-27,09:13:02,20220227,91302
A,297,iHQ drama,M,2022-02-27 10:26:21,2022-02-27,10:26:21,20220227,102621
A,297,iHQ drama,M,2022-02-27 10:28:30,2022-02-27,10:28:30,20220227,102830
A,297,iHQ drama,M,2022-02-27 11:53:49,2022-02-27,11:53:49,20220227,115349
A,297,iHQ drama,M,2022-02-27 11:55:57,2022-02-27,11:55:57,20220227,115557
A,297,iHQ drama,M,2022-02-27 13:15:49,2022-02-27,13:15:49,20220227,131549
A,297,iHQ drama,M,2022-02-27 13:17:57,2022-02-27,13:17:57,20220227,131757
A,297,iHQ drama,M,2022-02-27 14:23:50,2022-02-27,14:23:50,20220227,142350
A,297,iHQ drama,M,2022-02-27 14:25:58,2022-02-27,14:25:58,20220227,142558
A,297,iHQ drama,M,2022-02-27 15:34:53,2022-02-27,15:34:53,20220227,153453
A,297,iHQ drama,M,2022-02-27 15:37:01,2022-02-27,15:37:01,20220227,153701
A,297,iHQ drama,M,2022-02-28 02:01:25,2022-02-28,02:01:25,20220228,20125
A,297,iHQ drama,M,2022-02-28 02:03:33,2022-02-28,02:03:33,20220228,20333
A,297,iHQ drama,M,2022-02-28 03:10:59,2022-02-28,03:10:59,20220228,31059
A,297,iHQ drama,M,2022-02-28 03:13:08,2022-02-28,03:13:08,20220228,31308
A,297,iHQ drama,M,2022-02-28 04:05:59,2022-02-28,04:05:59,20220228,40559
A,297,iHQ drama,M,2022-02-28 04:08:07,2022-02-28,04:08:07,20220228,40807
A,297,iHQ drama,M,2022-02-28 05:22:10,2022-02-28,05:22:10,20220228,52210
A,297,iHQ drama,M,2022-02-28 05:24:18,2022-02-28,05:24:18,20220228,52418
A,297,iHQ drama,M,2022-02-28 06:35:00,2022-02-28,06:35:00,20220228,63500
A,297,iHQ drama,M,2022-02-28 06:37:08,2022-02-28,06:37:08,20220228,63708
A,297,iHQ drama,M,2022-02-28 07:35:05,2022-02-28,07:35:05,20220228,73505
A,297,iHQ drama,M,2022-02-28 07:37:13,2022-02-28,07:37:13,20220228,73713
A,297,iHQ drama,M,2022-02-28 08:31:35,2022-02-28,08:31:35,20220228,83135
A,297,iHQ drama,M,2022-02-28 08:33:43,2022-02-28,08:33:43,20220228,83343
A,297,iHQ drama,M,2022-02-28 09:33:17,2022-02-28,09:33:17,20220228,93317
A,297,iHQ drama,M,2022-02-28 09:35:25,2022-02-28,09:35:25,20220228,93525
A,297,iHQ drama,M,2022-02-28 10:41:33,2022-02-28,10:41:33,20220228,104133
A,297,iHQ drama,M,2022-02-28 10:43:41,2022-02-28,10:43:41,20220228,104341
A,297,iHQ drama,M,2022-02-28 11:52:21,2022-02-28,11:52:21,20220228,115221
A,297,iHQ drama,M,2022-02-28 11:54:29,2022-02-28,11:54:29,20220228,115429
A,297,iHQ drama,M,2022-02-28 13:19:04,2022-02-28,13:19:04,20220228,131904
A,297,iHQ drama,M,2022-02-28 13:21:12,2022-02-28,13:21:12,20220228,132112
A,297,iHQ drama,M,2022-02-28 13:52:13,2022-02-28,13:52:13,20220228,135213
A,297,iHQ drama,M,2022-02-28 13:54:21,2022-02-28,13:54:21,20220228,135421
A,297,iHQ drama,M,2022-03-01 02:11:52,2022-03-01,02:11:52,20220301,21152
A,297,iHQ drama,M,2022-03-01 02:14:00,2022-03-01,02:14:00,20220301,21400
A,297,iHQ drama,M,2022-03-01 03:32:52,2022-03-01,03:32:52,20220301,33252
A,297,iHQ drama,M,2022-03-01 03:35:00,2022-03-01,03:35:00,20220301,33500
A,297,iHQ drama,M,2022-03-01 04:46:17,2022-03-01,04:46:17,20220301,44617
A,297,iHQ drama,M,2022-03-01 04:48:25,2022-03-01,04:48:25,20220301,44825
A,297,iHQ drama,M,2022-03-01 05:20:07,2022-03-01,05:20:07,20220301,52007
A,297,iHQ drama,M,2022-03-01 05:22:15,2022-03-01,05:22:15,20220301,52215
A,297,iHQ drama,M,2022-03-01 06:30:04,2022-03-01,06:30:04,20220301,63004
A,297,iHQ drama,M,2022-03-01 06:32:12,2022-03-01,06:32:12,20220301,63212
A,297,iHQ drama,M,2022-03-01 07:40:16,2022-03-01,07:40:16,20220301,74016
A,297,iHQ drama,M,2022-03-01 07:42:24,2022-03-01,07:42:24,20220301,74224
A,297,iHQ drama,M,2022-03-01 08:49:23,2022-03-01,08:49:23,20220301,84923
A,297,iHQ drama,M,2022-03-01 08:51:31,2022-03-01,08:51:31,20220301,85131
A,297,iHQ drama,M,2022-03-01 10:16:31,2022-03-01,10:16:31,20220301,101631
A,297,iHQ drama,M,2022-03-01 10:18:39,2022-03-01,10:18:39,20220301,101839
A,297,iHQ drama,M,2022-03-01 11:29:11,2022-03-01,11:29:11,20220301,112911
A,297,iHQ drama,M,2022-03-01 11:31:20,2022-03-01,11:31:20,20220301,113120
A,297,iHQ drama,M,2022-03-01 13:11:16,2022-03-01,13:11:16,20220301,131116
A,297,iHQ drama,M,2022-03-01 13:13:24,2022-03-01,13:13:24,20220301,131324
A,297,iHQ drama,M,2022-03-01 14:39:42,2022-03-01,14:39:42,20220301,143942
A,297,iHQ drama,M,2022-03-01 14:41:50,2022-03-01,14:41:50,20220301,144150
A,297,iHQ drama,M,2022-03-01 15:48:13,2022-03-01,15:48:13,20220301,154813
A,297,iHQ drama,M,2022-03-01 15:50:21,2022-03-01,15:50:21,20220301,155021
A,297,iHQ drama,M,2022-03-02 03:03:22,2022-03-02,03:03:22,20220302,30322
A,297,iHQ drama,M,2022-03-02 03:05:30,2022-03-02,03:05:30,20220302,30530
A,297,iHQ drama,M,2022-03-02 04:38:45,2022-03-02,04:38:45,20220302,43845
A,297,iHQ drama,M,2022-03-02 04:40:53,2022-03-02,04:40:53,20220302,44053
A,297,iHQ drama,M,2022-03-02 06:00:18,2022-03-02,06:00:18,20220302,60018
A,297,iHQ drama,M,2022-03-02 06:02:26,2022-03-02,06:02:26,20220302,60226
A,297,iHQ drama,M,2022-03-02 07:18:19,2022-03-02,07:18:19,20220302,71819
A,297,iHQ drama,M,2022-03-02 07:20:27,2022-03-02,07:20:27,20220302,72027
A,297,iHQ drama,M,2022-03-02 08:07:17,2022-03-02,08:07:17,20220302,80717
A,297,iHQ drama,M,2022-03-02 08:09:25,2022-03-02,08:09:25,20220302,80925
A,297,iHQ drama,M,2022-03-02 09:08:19,2022-03-02,09:08:19,20220302,90819
A,297,iHQ drama,M,2022-03-02 09:10:27,2022-03-02,09:10:27,20220302,91027
A,297,iHQ drama,M,2022-03-02 10:36:36,2022-03-02,10:36:36,20220302,103636
A,297,iHQ drama,M,2022-03-02 10:38:44,2022-03-02,10:38:44,20220302,103844
A,297,iHQ drama,M,2022-03-02 11:33:26,2022-03-02,11:33:26,20220302,113326
A,297,iHQ drama,M,2022-03-02 11:35:35,2022-03-02,11:35:35,20220302,113535
A,297,iHQ drama,M,2022-03-02 12:41:30,2022-03-02,12:41:30,20220302,124130
A,297,iHQ drama,M,2022-03-02 12:43:39,2022-03-02,12:43:39,20220302,124339
A,297,iHQ drama,M,2022-03-02 13:51:45,2022-03-02,13:51:45,20220302,135145
A,297,iHQ drama,M,2022-03-02 13:53:54,2022-03-02,13:53:54,20220302,135354
A,297,iHQ drama,M,2022-03-02 15:11:51,2022-03-02,15:11:51,20220302,151151
A,297,iHQ drama,M,2022-03-02 15:13:59,2022-03-02,15:13:59,20220302,151359
A,297,iHQ drama,M,2022-03-02 16:41:08,2022-03-02,16:41:08,20220302,164108
A,297,iHQ drama,M,2022-03-02 16:43:16,2022-03-02,16:43:16,20220302,164316
A,297,iHQ drama,M,2022-03-03 02:39:14,2022-03-03,02:39:14,20220303,23914
A,297,iHQ drama,M,2022-03-03 02:41:22,2022-03-03,02:41:22,20220303,24122
A,297,iHQ drama,M,2022-03-03 03:59:58,2022-03-03,03:59:58,20220303,35958
A,297,iHQ drama,M,2022-03-03 04:02:06,2022-03-03,04:02:06,20220303,40206
A,297,iHQ drama,M,2022-03-03 05:10:01,2022-03-03,05:10:01,20220303,51001
A,297,iHQ drama,M,2022-03-03 05:12:09,2022-03-03,05:12:09,20220303,51209
A,297,iHQ drama,M,2022-03-03 06:49:09,2022-03-03,06:49:09,20220303,64909
A,297,iHQ drama,M,2022-03-03 06:51:17,2022-03-03,06:51:17,20220303,65117
A,297,iHQ drama,M,2022-03-03 08:14:11,2022-03-03,08:14:11,20220303,81411
A,297,iHQ drama,M,2022-03-03 08:16:19,2022-03-03,08:16:19,20220303,81619
A,297,iHQ drama,M,2022-03-03 09:37:13,2022-03-03,09:37:13,20220303,93713
A,297,iHQ drama,M,2022-03-03 09:39:21,2022-03-03,09:39:21,20220303,93921
A,297,iHQ drama,M,2022-03-03 10:48:49,2022-03-03,10:48:49,20220303,104849
A,297,iHQ drama,M,2022-03-03 10:50:57,2022-03-03,10:50:57,20220303,105057
A,297,iHQ drama,M,2022-03-03 12:06:43,2022-03-03,12:06:43,20220303,120643
A,297,iHQ drama,M,2022-03-03 12:08:51,2022-03-03,12:08:51,20220303,120851
A,297,iHQ drama,M,2022-03-03 13:33:45,2022-03-03,13:33:45,20220303,133345
A,297,iHQ drama,M,2022-03-03 13:35:53,2022-03-03,13:35:53,20220303,133553
A,297,iHQ drama,M,2022-03-03 15:00:34,2022-03-03,15:00:34,20220303,150034
A,297,iHQ drama,M,2022-03-03 15:02:43,2022-03-03,15:02:43,20220303,150243
A,297,iHQ drama,M,2022-03-03 16:11:59,2022-03-03,16:11:59,20220303,161159
A,297,iHQ drama,M,2022-03-03 16:14:07,2022-03-03,16:14:07,20220303,161407
A,297,iHQ drama,M,2022-03-03 17:29:52,2022-03-03,17:29:52,20220303,172952
A,297,iHQ drama,M,2022-03-03 17:32:00,2022-03-03,17:32:00,20220303,173200
A,297,iHQ drama,M,2022-03-04 02:40:38,2022-03-04,02:40:38,20220304,24038
A,297,iHQ drama,M,2022-03-04 02:42:46,2022-03-04,02:42:46,20220304,24246
A,297,iHQ drama,M,2022-03-04 04:00:43,2022-03-04,04:00:43,20220304,40043
A,297,iHQ drama,M,2022-03-04 04:02:52,2022-03-04,04:02:52,20220304,40252
A,297,iHQ drama,M,2022-03-04 04:57:55,2022-03-04,04:57:55,20220304,45755
A,297,iHQ drama,M,2022-03-04 05:00:04,2022-03-04,05:00:04,20220304,50004
A,297,iHQ drama,M,2022-03-04 06:18:41,2022-03-04,06:18:41,20220304,61841
A,297,iHQ drama,M,2022-03-04 06:20:49,2022-03-04,06:20:49,20220304,62049
A,297,iHQ drama,M,2022-03-04 07:41:00,2022-03-04,07:41:00,20220304,74100
A,297,iHQ drama,M,2022-03-04 07:43:08,2022-03-04,07:43:08,20220304,74308
A,297,iHQ drama,M,2022-03-04 09:04:11,2022-03-04,09:04:11,20220304,90411
A,297,iHQ drama,M,2022-03-04 09:06:20,2022-03-04,09:06:20,20220304,90620
A,297,iHQ drama,M,2022-03-04 10:31:26,2022-03-04,10:31:26,20220304,103126
A,297,iHQ drama,M,2022-03-04 10:33:34,2022-03-04,10:33:34,20220304,103334
A,297,iHQ drama,M,2022-03-04 11:30:36,2022-03-04,11:30:36,20220304,113036
A,297,iHQ drama,M,2022-03-04 11:32:44,2022-03-04,11:32:44,20220304,113244
A,297,iHQ drama,M,2022-03-04 12:55:39,2022-03-04,12:55:39,20220304,125539
A,297,iHQ drama,M,2022-03-04 12:57:47,2022-03-04,12:57:47,20220304,125747
A,297,iHQ drama,M,2022-03-04 14:06:48,2022-03-04,14:06:48,20220304,140648
A,297,iHQ drama,M,2022-03-04 14:08:56,2022-03-04,14:08:56,20220304,140856
A,297,iHQ drama,M,2022-03-04 15:17:13,2022-03-04,15:17:13,20220304,151713
A,297,iHQ drama,M,2022-03-04 15:19:21,2022-03-04,15:19:21,20220304,151921
A,297,iHQ drama,M,2022-03-04 16:43:57,2022-03-04,16:43:57,20220304,164357
A,297,iHQ drama,M,2022-03-04 16:46:05,2022-03-04,16:46:05,20220304,164605
A,297,iHQ drama,M,2022-03-05 02:32:03,2022-03-05,02:32:03,20220305,23203
A,297,iHQ drama,M,2022-03-05 02:34:11,2022-03-05,02:34:11,20220305,23411
A,297,iHQ drama,M,2022-03-05 03:51:08,2022-03-05,03:51:08,20220305,35108
A,297,iHQ drama,M,2022-03-05 03:53:17,2022-03-05,03:53:17,20220305,35317
A,297,iHQ drama,M,2022-03-05 05:06:14,2022-03-05,05:06:14,20220305,50614
A,297,iHQ drama,M,2022-03-05 05:08:22,2022-03-05,05:08:22,20220305,50822
A,297,iHQ drama,M,2022-03-05 06:24:40,2022-03-05,06:24:40,20220305,62440
A,297,iHQ drama,M,2022-03-05 06:26:47,2022-03-05,06:26:47,20220305,62647
A,297,iHQ drama,M,2022-03-05 07:19:34,2022-03-05,07:19:34,20220305,71934
A,297,iHQ drama,M,2022-03-05 07:21:43,2022-03-05,07:21:43,20220305,72143
A,297,iHQ drama,M,2022-03-05 08:31:51,2022-03-05,08:31:51,20220305,83151
A,297,iHQ drama,M,2022-03-05 08:33:59,2022-03-05,08:33:59,20220305,83359
A,297,iHQ drama,M,2022-03-05 09:40:59,2022-03-05,09:40:59,20220305,94059
A,297,iHQ drama,M,2022-03-05 09:43:08,2022-03-05,09:43:08,20220305,94308
A,297,iHQ drama,M,2022-03-05 10:51:30,2022-03-05,10:51:30,20220305,105130
A,297,iHQ drama,M,2022-03-05 10:53:38,2022-03-05,10:53:38,20220305,105338
A,297,iHQ drama,M,2022-03-05 12:17:20,2022-03-05,12:17:20,20220305,121720
A,297,iHQ drama,M,2022-03-05 12:19:29,2022-03-05,12:19:29,20220305,121929
A,297,iHQ drama,M,2022-03-05 13:29:00,2022-03-05,13:29:00,20220305,132900
A,297,iHQ drama,M,2022-03-05 13:31:08,2022-03-05,13:31:08,20220305,133108
A,297,iHQ drama,M,2022-03-05 14:54:57,2022-03-05,14:54:57,20220305,145457
A,297,iHQ drama,M,2022-03-05 14:57:05,2022-03-05,14:57:05,20220305,145705
A,297,iHQ drama,M,2022-03-05 16:06:12,2022-03-05,16:06:12,20220305,160612
A,297,iHQ drama,M,2022-03-05 16:08:20,2022-03-05,16:08:20,20220305,160820
A,297,iHQ drama,M,2022-03-06 02:03:12,2022-03-06,02:03:12,20220306,20312
A,297,iHQ drama,M,2022-03-06 02:05:21,2022-03-06,02:05:21,20220306,20521
A,297,iHQ drama,M,2022-03-06 03:13:17,2022-03-06,03:13:17,20220306,31317
A,297,iHQ drama,M,2022-03-06 03:15:25,2022-03-06,03:15:25,20220306,31525
A,297,iHQ drama,M,2022-03-06 04:30:25,2022-03-06,04:30:25,20220306,43025
A,297,iHQ drama,M,2022-03-06 04:32:32,2022-03-06,04:32:32,20220306,43232
A,297,iHQ drama,M,2022-03-06 05:50:19,2022-03-06,05:50:19,20220306,55019
A,297,iHQ drama,M,2022-03-06 05:52:26,2022-03-06,05:52:26,20220306,55226
A,297,iHQ drama,M,2022-03-06 07:09:42,2022-03-06,07:09:42,20220306,70942
A,297,iHQ drama,M,2022-03-06 07:11:50,2022-03-06,07:11:50,20220306,71150
A,297,iHQ drama,M,2022-03-06 07:52:06,2022-03-06,07:52:06,20220306,75206
A,297,iHQ drama,M,2022-03-06 07:54:14,2022-03-06,07:54:14,20220306,75414
A,297,iHQ drama,M,2022-03-06 08:54:01,2022-03-06,08:54:01,20220306,85401
A,297,iHQ drama,M,2022-03-06 08:56:09,2022-03-06,08:56:09,20220306,85609
A,297,iHQ drama,M,2022-03-06 10:08:04,2022-03-06,10:08:04,20220306,100804
A,297,iHQ drama,M,2022-03-06 10:10:12,2022-03-06,10:10:12,20220306,101012
A,297,iHQ drama,M,2022-03-06 11:35:29,2022-03-06,11:35:29,20220306,113529
A,297,iHQ drama,M,2022-03-06 11:37:37,2022-03-06,11:37:37,20220306,113737
A,297,iHQ drama,M,2022-03-06 12:56:57,2022-03-06,12:56:57,20220306,125657
A,297,iHQ drama,M,2022-03-06 12:59:05,2022-03-06,12:59:05,20220306,125905
A,297,iHQ drama,M,2022-03-06 14:07:33,2022-03-06,14:07:33,20220306,140733
A,297,iHQ drama,M,2022-03-06 14:09:42,2022-03-06,14:09:42,20220306,140942
A,297,iHQ drama,M,2022-03-06 15:17:34,2022-03-06,15:17:34,20220306,151734
A,297,iHQ drama,M,2022-03-06 15:19:42,2022-03-06,15:19:42,20220306,151942
A,297,iHQ drama,M,2022-03-07 02:11:42,2022-03-07,02:11:42,20220307,21142
A,297,iHQ drama,M,2022-03-07 02:13:51,2022-03-07,02:13:51,20220307,21351
A,297,iHQ drama,M,2022-03-07 03:20:14,2022-03-07,03:20:14,20220307,32014
A,297,iHQ drama,M,2022-03-07 03:22:22,2022-03-07,03:22:22,20220307,32222
A,297,iHQ drama,M,2022-03-07 04:36:16,2022-03-07,04:36:16,20220307,43616
A,297,iHQ drama,M,2022-03-07 04:38:24,2022-03-07,04:38:24,20220307,43824
A,297,iHQ drama,M,2022-03-07 05:35:53,2022-03-07,05:35:53,20220307,53553
A,297,iHQ drama,M,2022-03-07 05:38:01,2022-03-07,05:38:01,20220307,53801
A,297,iHQ drama,M,2022-03-07 07:08:17,2022-03-07,07:08:17,20220307,70817
A,297,iHQ drama,M,2022-03-07 07:10:25,2022-03-07,07:10:25,20220307,71025
A,297,iHQ drama,M,2022-03-07 08:20:18,2022-03-07,08:20:18,20220307,82018
A,297,iHQ drama,M,2022-03-07 08:22:26,2022-03-07,08:22:26,20220307,82226
A,297,iHQ drama,M,2022-03-07 09:21:20,2022-03-07,09:21:20,20220307,92120
A,297,iHQ drama,M,2022-03-07 09:23:28,2022-03-07,09:23:28,20220307,92328
A,297,iHQ drama,M,2022-03-07 10:32:18,2022-03-07,10:32:18,20220307,103218
A,297,iHQ drama,M,2022-03-07 10:34:26,2022-03-07,10:34:26,20220307,103426
A,297,iHQ drama,M,2022-03-07 11:42:43,2022-03-07,11:42:43,20220307,114243
A,297,iHQ drama,M,2022-03-07 11:44:51,2022-03-07,11:44:51,20220307,114451
A,297,iHQ drama,M,2022-03-07 12:39:25,2022-03-07,12:39:25,20220307,123925
A,297,iHQ drama,M,2022-03-07 12:41:33,2022-03-07,12:41:33,20220307,124133
A,297,iHQ drama,M,2022-03-07 13:11:09,2022-03-07,13:11:09,20220307,131109
A,297,iHQ drama,M,2022-03-07 13:13:17,2022-03-07,13:13:17,20220307,131317
A,297,iHQ drama,M,2022-03-07 14:53:12,2022-03-07,14:53:12,20220307,145312
A,297,iHQ drama,M,2022-03-07 14:55:20,2022-03-07,14:55:20,20220307,145520
A,297,iHQ drama,M,2022-03-08 02:25:13,2022-03-08,02:25:13,20220308,22513
A,297,iHQ drama,M,2022-03-08 02:27:21,2022-03-08,02:27:21,20220308,22721
A,297,iHQ drama,M,2022-03-08 03:45:32,2022-03-08,03:45:32,20220308,34532
A,297,iHQ drama,M,2022-03-08 03:47:40,2022-03-08,03:47:40,20220308,34740
A,297,iHQ drama,M,2022-03-08 05:03:04,2022-03-08,05:03:04,20220308,50304
A,297,iHQ drama,M,2022-03-08 05:05:12,2022-03-08,05:05:12,20220308,50512
A,297,iHQ drama,M,2022-03-08 06:24:10,2022-03-08,06:24:10,20220308,62410
A,297,iHQ drama,M,2022-03-08 06:26:18,2022-03-08,06:26:18,20220308,62618
A,297,iHQ drama,M,2022-03-08 07:41:13,2022-03-08,07:41:13,20220308,74113
A,297,iHQ drama,M,2022-03-08 07:43:22,2022-03-08,07:43:22,20220308,74322
A,297,iHQ drama,M,2022-03-08 08:53:53,2022-03-08,08:53:53,20220308,85353
A,297,iHQ drama,M,2022-03-08 08:56:01,2022-03-08,08:56:01,20220308,85601
A,297,iHQ drama,M,2022-03-08 10:20:55,2022-03-08,10:20:55,20220308,102055
A,297,iHQ drama,M,2022-03-08 10:23:04,2022-03-08,10:23:04,20220308,102304
A,297,iHQ drama,M,2022-03-08 11:46:17,2022-03-08,11:46:17,20220308,114617
A,297,iHQ drama,M,2022-03-08 11:48:25,2022-03-08,11:48:25,20220308,114825
A,297,iHQ drama,M,2022-03-08 12:42:57,2022-03-08,12:42:57,20220308,124257
A,297,iHQ drama,M,2022-03-08 12:45:05,2022-03-08,12:45:05,20220308,124505
A,297,iHQ drama,M,2022-03-08 14:08:26,2022-03-08,14:08:26,20220308,140826
A,297,iHQ drama,M,2022-03-08 14:10:34,2022-03-08,14:10:34,20220308,141034
A,297,iHQ drama,M,2022-03-08 15:18:50,2022-03-08,15:18:50,20220308,151850
A,297,iHQ drama,M,2022-03-08 15:20:58,2022-03-08,15:20:58,20220308,152058
A,297,iHQ drama,M,2022-03-08 16:28:26,2022-03-08,16:28:26,20220308,162826
A,297,iHQ drama,M,2022-03-08 16:30:34,2022-03-08,16:30:34,20220308,163034
A,297,iHQ drama,M,2022-03-09 02:40:08,2022-03-09,02:40:08,20220309,24008
A,297,iHQ drama,M,2022-03-09 02:42:17,2022-03-09,02:42:17,20220309,24217
A,297,iHQ drama,M,2022-03-09 04:01:04,2022-03-09,04:01:04,20220309,40104
A,297,iHQ drama,M,2022-03-09 04:03:12,2022-03-09,04:03:12,20220309,40312
A,297,iHQ drama,M,2022-03-09 05:19:49,2022-03-09,05:19:49,20220309,51949
A,297,iHQ drama,M,2022-03-09 05:21:57,2022-03-09,05:21:57,20220309,52157
A,297,iHQ drama,M,2022-03-09 06:36:56,2022-03-09,06:36:56,20220309,63656
A,297,iHQ drama,M,2022-03-09 06:39:04,2022-03-09,06:39:04,20220309,63904
A,297,iHQ drama,M,2022-03-09 07:47:30,2022-03-09,07:47:30,20220309,74730
A,297,iHQ drama,M,2022-03-09 07:49:38,2022-03-09,07:49:38,20220309,74938
A,297,iHQ drama,M,2022-03-09 08:58:08,2022-03-09,08:58:08,20220309,85808
A,297,iHQ drama,M,2022-03-09 09:00:17,2022-03-09,09:00:17,20220309,90017
A,297,iHQ drama,M,2022-03-09 10:25:05,2022-03-09,10:25:05,20220309,102505
A,297,iHQ drama,M,2022-03-09 10:27:13,2022-03-09,10:27:13,20220309,102713
A,297,iHQ drama,M,2022-03-09 11:35:41,2022-03-09,11:35:41,20220309,113541
A,297,iHQ drama,M,2022-03-09 11:37:50,2022-03-09,11:37:50,20220309,113750
A,297,iHQ drama,M,2022-03-09 12:46:06,2022-03-09,12:46:06,20220309,124606
A,297,iHQ drama,M,2022-03-09 12:48:15,2022-03-09,12:48:15,20220309,124815
A,297,iHQ drama,M,2022-03-09 14:11:44,2022-03-09,14:11:44,20220309,141144
A,297,iHQ drama,M,2022-03-09 14:13:52,2022-03-09,14:13:52,20220309,141352
A,297,iHQ drama,M,2022-03-09 15:36:42,2022-03-09,15:36:42,20220309,153642
A,297,iHQ drama,M,2022-03-09 15:38:50,2022-03-09,15:38:50,20220309,153850
A,297,iHQ drama,M,2022-03-09 16:50:20,2022-03-09,16:50:20,20220309,165020
A,297,iHQ drama,M,2022-03-09 16:52:28,2022-03-09,16:52:28,20220309,165228
A,297,iHQ drama,M,2022-03-10 02:23:37,2022-03-10,02:23:37,20220310,22337
A,297,iHQ drama,M,2022-03-10 02:25:45,2022-03-10,02:25:45,20220310,22545
A,297,iHQ drama,M,2022-03-10 03:44:06,2022-03-10,03:44:06,20220310,34406
A,297,iHQ drama,M,2022-03-10 03:46:14,2022-03-10,03:46:14,20220310,34614
A,297,iHQ drama,M,2022-03-10 04:51:53,2022-03-10,04:51:53,20220310,45153
A,297,iHQ drama,M,2022-03-10 04:54:01,2022-03-10,04:54:01,20220310,45401
A,297,iHQ drama,M,2022-03-10 06:34:17,2022-03-10,06:34:17,20220310,63417
A,297,iHQ drama,M,2022-03-10 06:36:25,2022-03-10,06:36:25,20220310,63625
A,297,iHQ drama,M,2022-03-10 07:47:33,2022-03-10,07:47:33,20220310,74733
A,297,iHQ drama,M,2022-03-10 07:49:41,2022-03-10,07:49:41,20220310,74941
A,297,iHQ drama,M,2022-03-10 09:13:10,2022-03-10,09:13:10,20220310,91310
A,297,iHQ drama,M,2022-03-10 09:15:18,2022-03-10,09:15:18,20220310,91518
A,297,iHQ drama,M,2022-03-10 10:40:09,2022-03-10,10:40:09,20220310,104009
A,297,iHQ drama,M,2022-03-10 10:42:18,2022-03-10,10:42:18,20220310,104218
A,297,iHQ drama,M,2022-03-10 11:53:16,2022-03-10,11:53:16,20220310,115316
A,297,iHQ drama,M,2022-03-10 11:55:24,2022-03-10,11:55:24,20220310,115524
A,297,iHQ drama,M,2022-03-10 13:20:07,2022-03-10,13:20:07,20220310,132007
A,297,iHQ drama,M,2022-03-10 13:22:15,2022-03-10,13:22:15,20220310,132215
A,297,iHQ drama,M,2022-03-10 14:39:15,2022-03-10,14:39:15,20220310,143915
A,297,iHQ drama,M,2022-03-10 14:41:23,2022-03-10,14:41:23,20220310,144123
A,297,iHQ drama,M,2022-03-10 16:05:18,2022-03-10,16:05:18,20220310,160518
A,297,iHQ drama,M,2022-03-10 16:07:26,2022-03-10,16:07:26,20220310,160726
A,297,iHQ drama,M,2022-03-10 17:30:24,2022-03-10,17:30:24,20220310,173024
A,297,iHQ drama,M,2022-03-10 17:32:32,2022-03-10,17:32:32,20220310,173232
A,297,iHQ drama,M,2022-03-11 02:53:03,2022-03-11,02:53:03,20220311,25303
A,297,iHQ drama,M,2022-03-11 02:55:11,2022-03-11,02:55:11,20220311,25511
A,297,iHQ drama,M,2022-03-11 04:11:38,2022-03-11,04:11:38,20220311,41138
A,297,iHQ drama,M,2022-03-11 04:13:46,2022-03-11,04:13:46,20220311,41346
A,297,iHQ drama,M,2022-03-11 05:31:11,2022-03-11,05:31:11,20220311,53111
A,297,iHQ drama,M,2022-03-11 05:33:20,2022-03-11,05:33:20,20220311,53320
A,297,iHQ drama,M,2022-03-11 06:50:30,2022-03-11,06:50:30,20220311,65030
A,297,iHQ drama,M,2022-03-11 06:52:38,2022-03-11,06:52:38,20220311,65238
A,297,iHQ drama,M,2022-03-11 07:26:17,2022-03-11,07:26:17,20220311,72617
A,297,iHQ drama,M,2022-03-11 07:28:25,2022-03-11,07:28:25,20220311,72825
A,297,iHQ drama,M,2022-03-11 08:45:24,2022-03-11,08:45:24,20220311,84524
A,297,iHQ drama,M,2022-03-11 08:47:33,2022-03-11,08:47:33,20220311,84733
A,297,iHQ drama,M,2022-03-11 10:10:30,2022-03-11,10:10:30,20220311,101030
A,297,iHQ drama,M,2022-03-11 10:12:38,2022-03-11,10:12:38,20220311,101238
A,297,iHQ drama,M,2022-03-11 11:34:30,2022-03-11,11:34:30,20220311,113430
A,297,iHQ drama,M,2022-03-11 11:36:38,2022-03-11,11:36:38,20220311,113638
A,297,iHQ drama,M,2022-03-11 13:01:03,2022-03-11,13:01:03,20220311,130103
A,297,iHQ drama,M,2022-03-11 13:03:11,2022-03-11,13:03:11,20220311,130311
A,297,iHQ drama,M,2022-03-11 13:59:34,2022-03-11,13:59:34,20220311,135934
A,297,iHQ drama,M,2022-03-11 14:01:42,2022-03-11,14:01:42,20220311,140142
A,297,iHQ drama,M,2022-03-11 15:10:01,2022-03-11,15:10:01,20220311,151001
A,297,iHQ drama,M,2022-03-11 15:12:09,2022-03-11,15:12:09,20220311,151209
A,297,iHQ drama,M,2022-03-11 16:35:07,2022-03-11,16:35:07,20220311,163507
A,297,iHQ drama,M,2022-03-11 16:37:15,2022-03-11,16:37:15,20220311,163715
A,297,iHQ drama,M,2022-03-12 02:26:24,2022-03-12,02:26:24,20220312,22624
A,297,iHQ drama,M,2022-03-12 02:28:32,2022-03-12,02:28:32,20220312,22832
A,297,iHQ drama,M,2022-03-12 03:42:55,2022-03-12,03:42:55,20220312,34255
A,297,iHQ drama,M,2022-03-12 03:45:03,2022-03-12,03:45:03,20220312,34503
A,297,iHQ drama,M,2022-03-12 04:40:22,2022-03-12,04:40:22,20220312,44022
A,297,iHQ drama,M,2022-03-12 04:42:30,2022-03-12,04:42:30,20220312,44230
A,297,iHQ drama,M,2022-03-12 05:57:17,2022-03-12,05:57:17,20220312,55717
A,297,iHQ drama,M,2022-03-12 05:59:25,2022-03-12,05:59:25,20220312,55925
A,297,iHQ drama,M,2022-03-12 06:52:30,2022-03-12,06:52:30,20220312,65230
A,297,iHQ drama,M,2022-03-12 06:54:38,2022-03-12,06:54:38,20220312,65438
A,297,iHQ drama,M,2022-03-12 08:09:20,2022-03-12,08:09:20,20220312,80920
A,297,iHQ drama,M,2022-03-12 08:11:28,2022-03-12,08:11:28,20220312,81128
A,297,iHQ drama,M,2022-03-12 09:55:49,2022-03-12,09:55:49,20220312,95549
A,297,iHQ drama,M,2022-03-12 09:57:57,2022-03-12,09:57:57,20220312,95757
A,297,iHQ drama,M,2022-03-12 11:07:47,2022-03-12,11:07:47,20220312,110747
A,297,iHQ drama,M,2022-03-12 11:09:55,2022-03-12,11:09:55,20220312,110955
A,297,iHQ drama,M,2022-03-12 12:27:25,2022-03-12,12:27:25,20220312,122725
A,297,iHQ drama,M,2022-03-12 12:29:34,2022-03-12,12:29:34,20220312,122934
A,297,iHQ drama,M,2022-03-12 13:42:42,2022-03-12,13:42:42,20220312,134242
A,297,iHQ drama,M,2022-03-12 13:44:50,2022-03-12,13:44:50,20220312,134450
A,297,iHQ drama,M,2022-03-12 15:10:02,2022-03-12,15:10:02,20220312,151002
A,297,iHQ drama,M,2022-03-12 15:12:10,2022-03-12,15:12:10,20220312,151210
A,297,iHQ drama,M,2022-03-12 16:21:49,2022-03-12,16:21:49,20220312,162149
A,297,iHQ drama,M,2022-03-12 16:23:58,2022-03-12,16:23:58,20220312,162358
A,297,iHQ drama,M,2022-03-13 02:16:15,2022-03-13,02:16:15,20220313,21615
A,297,iHQ drama,M,2022-03-13 02:18:24,2022-03-13,02:18:24,20220313,21824
A,297,iHQ drama,M,2022-03-13 03:25:44,2022-03-13,03:25:44,20220313,32544
A,297,iHQ drama,M,2022-03-13 03:27:52,2022-03-13,03:27:52,20220313,32752
A,297,iHQ drama,M,2022-03-13 04:42:04,2022-03-13,04:42:04,20220313,44204
A,297,iHQ drama,M,2022-03-13 04:44:11,2022-03-13,04:44:11,20220313,44411
A,297,iHQ drama,M,2022-03-13 05:56:21,2022-03-13,05:56:21,20220313,55621
A,297,iHQ drama,M,2022-03-13 05:58:29,2022-03-13,05:58:29,20220313,55829
A,297,iHQ drama,M,2022-03-13 07:16:43,2022-03-13,07:16:43,20220313,71643
A,297,iHQ drama,M,2022-03-13 07:18:51,2022-03-13,07:18:51,20220313,71851
A,297,iHQ drama,M,2022-03-13 08:20:03,2022-03-13,08:20:03,20220313,82003
A,297,iHQ drama,M,2022-03-13 08:22:12,2022-03-13,08:22:12,20220313,82212
A,297,iHQ drama,M,2022-03-13 09:34:08,2022-03-13,09:34:08,20220313,93408
A,297,iHQ drama,M,2022-03-13 09:36:16,2022-03-13,09:36:16,20220313,93616
A,297,iHQ drama,M,2022-03-13 10:59:15,2022-03-13,10:59:15,20220313,105915
A,297,iHQ drama,M,2022-03-13 11:01:24,2022-03-13,11:01:24,20220313,110124
A,297,iHQ drama,M,2022-03-13 12:23:53,2022-03-13,12:23:53,20220313,122353
A,297,iHQ drama,M,2022-03-13 12:26:01,2022-03-13,12:26:01,20220313,122601
A,297,iHQ drama,M,2022-03-13 13:50:20,2022-03-13,13:50:20,20220313,135020
A,297,iHQ drama,M,2022-03-13 13:52:28,2022-03-13,13:52:28,20220313,135228
A,297,iHQ drama,M,2022-03-13 16:28:44,2022-03-13,16:28:44,20220313,162844
A,297,iHQ drama,M,2022-03-13 16:30:52,2022-03-13,16:30:52,20220313,163052
A,297,iHQ drama,M,2022-03-13 17:27:30,2022-03-13,17:27:30,20220313,172730
A,297,iHQ drama,M,2022-03-13 17:29:38,2022-03-13,17:29:38,20220313,172938
A,297,iHQ drama,M,2022-03-14 02:14:44,2022-03-14,02:14:44,20220314,21444
A,297,iHQ drama,M,2022-03-14 02:16:52,2022-03-14,02:16:52,20220314,21652
A,297,iHQ drama,M,2022-03-14 03:22:55,2022-03-14,03:22:55,20220314,32255
A,297,iHQ drama,M,2022-03-14 03:25:03,2022-03-14,03:25:03,20220314,32503
A,297,iHQ drama,M,2022-03-14 04:19:43,2022-03-14,04:19:43,20220314,41943
A,297,iHQ drama,M,2022-03-14 04:21:51,2022-03-14,04:21:51,20220314,42151
A,297,iHQ drama,M,2022-03-14 05:33:22,2022-03-14,05:33:22,20220314,53322
A,297,iHQ drama,M,2022-03-14 05:35:30,2022-03-14,05:35:30,20220314,53530
A,297,iHQ drama,M,2022-03-14 06:36:01,2022-03-14,06:36:01,20220314,63601
A,297,iHQ drama,M,2022-03-14 06:38:09,2022-03-14,06:38:09,20220314,63809
A,297,iHQ drama,M,2022-03-14 07:47:55,2022-03-14,07:47:55,20220314,74755
A,297,iHQ drama,M,2022-03-14 07:50:03,2022-03-14,07:50:03,20220314,75003
A,297,iHQ drama,M,2022-03-14 09:14:12,2022-03-14,09:14:12,20220314,91412
A,297,iHQ drama,M,2022-03-14 09:16:20,2022-03-14,09:16:20,20220314,91620
A,297,iHQ drama,M,2022-03-14 10:38:40,2022-03-14,10:38:40,20220314,103840
A,297,iHQ drama,M,2022-03-14 10:40:48,2022-03-14,10:40:48,20220314,104048
A,297,iHQ drama,M,2022-03-14 11:48:39,2022-03-14,11:48:39,20220314,114839
A,297,iHQ drama,M,2022-03-14 11:50:48,2022-03-14,11:50:48,20220314,115048
A,297,iHQ drama,M,2022-03-14 12:45:12,2022-03-14,12:45:12,20220314,124512
A,297,iHQ drama,M,2022-03-14 12:47:20,2022-03-14,12:47:20,20220314,124720
A,297,iHQ drama,M,2022-03-14 14:28:47,2022-03-14,14:28:47,20220314,142847
A,297,iHQ drama,M,2022-03-14 14:30:56,2022-03-14,14:30:56,20220314,143056
A,297,iHQ drama,M,2022-03-14 15:28:18,2022-03-14,15:28:18,20220314,152818
A,297,iHQ drama,M,2022-03-14 15:30:26,2022-03-14,15:30:26,20220314,153026
A,297,iHQ drama,M,2022-03-15 02:51:15,2022-03-15,02:51:15,20220315,25115
A,297,iHQ drama,M,2022-03-15 02:53:24,2022-03-15,02:53:24,20220315,25324
A,297,iHQ drama,M,2022-03-15 04:07:58,2022-03-15,04:07:58,20220315,40758
A,297,iHQ drama,M,2022-03-15 04:10:06,2022-03-15,04:10:06,20220315,41006
A,297,iHQ drama,M,2022-03-15 05:17:01,2022-03-15,05:17:01,20220315,51701
A,297,iHQ drama,M,2022-03-15 05:19:09,2022-03-15,05:19:09,20220315,51909
A,297,iHQ drama,M,2022-03-15 06:36:06,2022-03-15,06:36:06,20220315,63606
A,297,iHQ drama,M,2022-03-15 06:38:14,2022-03-15,06:38:14,20220315,63814
A,297,iHQ drama,M,2022-03-15 07:11:57,2022-03-15,07:11:57,20220315,71157
A,297,iHQ drama,M,2022-03-15 07:14:05,2022-03-15,07:14:05,20220315,71405
A,297,iHQ drama,M,2022-03-15 08:30:04,2022-03-15,08:30:04,20220315,83004
A,297,iHQ drama,M,2022-03-15 08:32:12,2022-03-15,08:32:12,20220315,83212
A,297,iHQ drama,M,2022-03-15 09:57:02,2022-03-15,09:57:02,20220315,95702
A,297,iHQ drama,M,2022-03-15 09:59:10,2022-03-15,09:59:10,20220315,95910
A,297,iHQ drama,M,2022-03-15 11:18:25,2022-03-15,11:18:25,20220315,111825
A,297,iHQ drama,M,2022-03-15 11:20:32,2022-03-15,11:20:32,20220315,112032
A,297,iHQ drama,M,2022-03-15 12:31:43,2022-03-15,12:31:43,20220315,123143
A,297,iHQ drama,M,2022-03-15 12:33:51,2022-03-15,12:33:51,20220315,123351
A,297,iHQ drama,M,2022-03-15 13:58:15,2022-03-15,13:58:15,20220315,135815
A,297,iHQ drama,M,2022-03-15 14:00:23,2022-03-15,14:00:23,20220315,140023
A,297,iHQ drama,M,2022-03-15 15:08:52,2022-03-15,15:08:52,20220315,150852
A,297,iHQ drama,M,2022-03-15 15:11:00,2022-03-15,15:11:00,20220315,151100
A,297,iHQ drama,M,2022-03-15 16:28:02,2022-03-15,16:28:02,20220315,162802
A,297,iHQ drama,M,2022-03-15 16:30:10,2022-03-15,16:30:10,20220315,163010
A,297,iHQ drama,M,2022-03-16 02:43:53,2022-03-16,02:43:53,20220316,24353
A,297,iHQ drama,M,2022-03-16 02:46:01,2022-03-16,02:46:01,20220316,24601
A,297,iHQ drama,M,2022-03-16 04:06:09,2022-03-16,04:06:09,20220316,40609
A,297,iHQ drama,M,2022-03-16 04:08:18,2022-03-16,04:08:18,20220316,40818
A,297,iHQ drama,M,2022-03-16 05:22:42,2022-03-16,05:22:42,20220316,52242
A,297,iHQ drama,M,2022-03-16 05:24:50,2022-03-16,05:24:50,20220316,52450
A,297,iHQ drama,M,2022-03-16 06:44:03,2022-03-16,06:44:03,20220316,64403
A,297,iHQ drama,M,2022-03-16 06:46:11,2022-03-16,06:46:11,20220316,64611
A,297,iHQ drama,M,2022-03-16 07:56:20,2022-03-16,07:56:20,20220316,75620
A,297,iHQ drama,M,2022-03-16 07:58:28,2022-03-16,07:58:28,20220316,75828
A,297,iHQ drama,M,2022-03-16 09:05:57,2022-03-16,09:05:57,20220316,90557
A,297,iHQ drama,M,2022-03-16 09:08:05,2022-03-16,09:08:05,20220316,90805
A,297,iHQ drama,M,2022-03-16 10:36:11,2022-03-16,10:36:11,20220316,103611
A,297,iHQ drama,M,2022-03-16 10:38:19,2022-03-16,10:38:19,20220316,103819
A,297,iHQ drama,M,2022-03-16 11:33:11,2022-03-16,11:33:11,20220316,113311
A,297,iHQ drama,M,2022-03-16 11:35:19,2022-03-16,11:35:19,20220316,113519
A,297,iHQ drama,M,2022-03-16 12:53:07,2022-03-16,12:53:07,20220316,125307
A,297,iHQ drama,M,2022-03-16 12:55:15,2022-03-16,12:55:15,20220316,125515
A,297,iHQ drama,M,2022-03-16 14:03:52,2022-03-16,14:03:52,20220316,140352
A,297,iHQ drama,M,2022-03-16 14:06:00,2022-03-16,14:06:00,20220316,140600
A,297,iHQ drama,M,2022-03-16 15:28:19,2022-03-16,15:28:19,20220316,152819
A,297,iHQ drama,M,2022-03-16 15:30:27,2022-03-16,15:30:27,20220316,153027
A,297,iHQ drama,M,2022-03-16 16:43:02,2022-03-16,16:43:02,20220316,164302
A,297,iHQ drama,M,2022-03-16 16:45:10,2022-03-16,16:45:10,20220316,164510
A,297,iHQ drama,M,2022-03-17 02:28:44,2022-03-17,02:28:44,20220317,22844
A,297,iHQ drama,M,2022-03-17 02:30:52,2022-03-17,02:30:52,20220317,23052
A,297,iHQ drama,M,2022-03-17 03:50:09,2022-03-17,03:50:09,20220317,35009
A,297,iHQ drama,M,2022-03-17 03:52:17,2022-03-17,03:52:17,20220317,35217
A,297,iHQ drama,M,2022-03-17 05:08:25,2022-03-17,05:08:25,20220317,50825
A,297,iHQ drama,M,2022-03-17 05:10:33,2022-03-17,05:10:33,20220317,51033
A,297,iHQ drama,M,2022-03-17 06:19:42,2022-03-17,06:19:42,20220317,61942
A,297,iHQ drama,M,2022-03-17 06:21:50,2022-03-17,06:21:50,20220317,62150
A,297,iHQ drama,M,2022-03-17 07:31:23,2022-03-17,07:31:23,20220317,73123
A,297,iHQ drama,M,2022-03-17 07:33:31,2022-03-17,07:33:31,20220317,73331
A,297,iHQ drama,M,2022-03-17 08:42:47,2022-03-17,08:42:47,20220317,84247
A,297,iHQ drama,M,2022-03-17 08:44:55,2022-03-17,08:44:55,20220317,84455
A,297,iHQ drama,M,2022-03-17 09:42:03,2022-03-17,09:42:03,20220317,94203
A,297,iHQ drama,M,2022-03-17 09:44:11,2022-03-17,09:44:11,20220317,94411
A,297,iHQ drama,M,2022-03-17 11:08:52,2022-03-17,11:08:52,20220317,110852
A,297,iHQ drama,M,2022-03-17 11:11:00,2022-03-17,11:11:00,20220317,111100
A,297,iHQ drama,M,2022-03-17 12:24:48,2022-03-17,12:24:48,20220317,122448
A,297,iHQ drama,M,2022-03-17 12:26:56,2022-03-17,12:26:56,20220317,122656
A,297,iHQ drama,M,2022-03-17 13:51:05,2022-03-17,13:51:05,20220317,135105
A,297,iHQ drama,M,2022-03-17 13:53:13,2022-03-17,13:53:13,20220317,135313
A,297,iHQ drama,M,2022-03-17 15:11:48,2022-03-17,15:11:48,20220317,151148
A,297,iHQ drama,M,2022-03-17 15:13:56,2022-03-17,15:13:56,20220317,151356
A,297,iHQ drama,M,2022-03-17 16:22:32,2022-03-17,16:22:32,20220317,162232
A,297,iHQ drama,M,2022-03-17 16:24:40,2022-03-17,16:24:40,20220317,162440
A,297,iHQ drama,M,2022-03-18 02:42:08,2022-03-18,02:42:08,20220318,24208
A,297,iHQ drama,M,2022-03-18 02:44:16,2022-03-18,02:44:16,20220318,24416
A,297,iHQ drama,M,2022-03-18 04:00:18,2022-03-18,04:00:18,20220318,40018
A,297,iHQ drama,M,2022-03-18 04:02:26,2022-03-18,04:02:26,20220318,40226
A,297,iHQ drama,M,2022-03-18 05:11:56,2022-03-18,05:11:56,20220318,51156
A,297,iHQ drama,M,2022-03-18 05:14:04,2022-03-18,05:14:04,20220318,51404
A,297,iHQ drama,M,2022-03-18 06:31:24,2022-03-18,06:31:24,20220318,63124
A,297,iHQ drama,M,2022-03-18 06:33:32,2022-03-18,06:33:32,20220318,63332
A,297,iHQ drama,M,2022-03-18 07:06:46,2022-03-18,07:06:46,20220318,70646
A,297,iHQ drama,M,2022-03-18 07:08:54,2022-03-18,07:08:54,20220318,70854
A,297,iHQ drama,M,2022-03-18 08:27:07,2022-03-18,08:27:07,20220318,82707
A,297,iHQ drama,M,2022-03-18 08:29:15,2022-03-18,08:29:15,20220318,82915
A,297,iHQ drama,M,2022-03-18 09:45:49,2022-03-18,09:45:49,20220318,94549
A,297,iHQ drama,M,2022-03-18 09:47:58,2022-03-18,09:47:58,20220318,94758
A,297,iHQ drama,M,2022-03-18 11:09:09,2022-03-18,11:09:09,20220318,110909
A,297,iHQ drama,M,2022-03-18 11:11:17,2022-03-18,11:11:17,20220318,111117
A,297,iHQ drama,M,2022-03-18 12:34:32,2022-03-18,12:34:32,20220318,123432
A,297,iHQ drama,M,2022-03-18 12:36:41,2022-03-18,12:36:41,20220318,123641
A,297,iHQ drama,M,2022-03-18 13:45:24,2022-03-18,13:45:24,20220318,134524
A,297,iHQ drama,M,2022-03-18 13:47:32,2022-03-18,13:47:32,20220318,134732
A,297,iHQ drama,M,2022-03-18 14:54:57,2022-03-18,14:54:57,20220318,145457
A,297,iHQ drama,M,2022-03-18 14:57:06,2022-03-18,14:57:06,20220318,145706
A,297,iHQ drama,M,2022-03-18 17:27:00,2022-03-18,17:27:00,20220318,172700
A,297,iHQ drama,M,2022-03-18 17:29:08,2022-03-18,17:29:08,20220318,172908
A,297,iHQ drama,M,2022-03-19 02:19:34,2022-03-19,02:19:34,20220319,21934
A,297,iHQ drama,M,2022-03-19 02:21:42,2022-03-19,02:21:42,20220319,22142
A,297,iHQ drama,M,2022-03-19 02:44:25,2022-03-19,02:44:25,20220319,24425
A,297,iHQ drama,M,2022-03-19 02:46:33,2022-03-19,02:46:33,20220319,24633
A,297,iHQ drama,M,2022-03-19 03:11:04,2022-03-19,03:11:04,20220319,31104
A,297,iHQ drama,M,2022-03-19 03:13:12,2022-03-19,03:13:12,20220319,31312
A,297,iHQ drama,M,2022-03-19 03:37:39,2022-03-19,03:37:39,20220319,33739
A,297,iHQ drama,M,2022-03-19 03:39:47,2022-03-19,03:39:47,20220319,33947
A,297,iHQ drama,M,2022-03-19 04:53:53,2022-03-19,04:53:53,20220319,45353
A,297,iHQ drama,M,2022-03-19 04:56:01,2022-03-19,04:56:01,20220319,45601
A,297,iHQ drama,M,2022-03-19 05:50:17,2022-03-19,05:50:17,20220319,55017
A,297,iHQ drama,M,2022-03-19 05:52:25,2022-03-19,05:52:25,20220319,55225
A,297,iHQ drama,M,2022-03-19 06:59:49,2022-03-19,06:59:49,20220319,65949
A,297,iHQ drama,M,2022-03-19 07:01:57,2022-03-19,07:01:57,20220319,70157
A,297,iHQ drama,M,2022-03-19 08:21:49,2022-03-19,08:21:49,20220319,82149
A,297,iHQ drama,M,2022-03-19 08:23:57,2022-03-19,08:23:57,20220319,82357
A,297,iHQ drama,M,2022-03-19 09:31:45,2022-03-19,09:31:45,20220319,93145
A,297,iHQ drama,M,2022-03-19 09:33:53,2022-03-19,09:33:53,20220319,93353
A,297,iHQ drama,M,2022-03-19 10:39:34,2022-03-19,10:39:34,20220319,103934
A,297,iHQ drama,M,2022-03-19 10:41:42,2022-03-19,10:41:42,20220319,104142
A,297,iHQ drama,M,2022-03-19 13:20:07,2022-03-19,13:20:07,20220319,132007
A,297,iHQ drama,M,2022-03-19 13:22:15,2022-03-19,13:22:15,20220319,132215
A,297,iHQ drama,M,2022-03-19 14:51:35,2022-03-19,14:51:35,20220319,145135
A,297,iHQ drama,M,2022-03-19 14:53:43,2022-03-19,14:53:43,20220319,145343
A,297,iHQ drama,M,2022-03-20 01:59:57,2022-03-20,01:59:57,20220320,15957
A,297,iHQ drama,M,2022-03-20 02:02:06,2022-03-20,02:02:06,20220320,20206
A,297,iHQ drama,M,2022-03-20 03:07:08,2022-03-20,03:07:08,20220320,30708
A,297,iHQ drama,M,2022-03-20 03:09:16,2022-03-20,03:09:16,20220320,30916
A,297,iHQ drama,M,2022-03-20 03:33:49,2022-03-20,03:33:49,20220320,33349
A,297,iHQ drama,M,2022-03-20 03:35:57,2022-03-20,03:35:57,20220320,33557
A,297,iHQ drama,M,2022-03-20 04:00:20,2022-03-20,04:00:20,20220320,40020
A,297,iHQ drama,M,2022-03-20 04:02:28,2022-03-20,04:02:28,20220320,40228
A,297,iHQ drama,M,2022-03-20 04:26:34,2022-03-20,04:26:34,20220320,42634
A,297,iHQ drama,M,2022-03-20 04:28:42,2022-03-20,04:28:42,20220320,42842
A,297,iHQ drama,M,2022-03-20 05:42:41,2022-03-20,05:42:41,20220320,54241
A,297,iHQ drama,M,2022-03-20 05:44:49,2022-03-20,05:44:49,20220320,54449
A,297,iHQ drama,M,2022-03-20 06:52:50,2022-03-20,06:52:50,20220320,65250
A,297,iHQ drama,M,2022-03-20 06:54:57,2022-03-20,06:54:57,20220320,65457
A,297,iHQ drama,M,2022-03-20 07:50:29,2022-03-20,07:50:29,20220320,75029
A,297,iHQ drama,M,2022-03-20 07:52:37,2022-03-20,07:52:37,20220320,75237
A,297,iHQ drama,M,2022-03-20 10:15:23,2022-03-20,10:15:23,20220320,101523
A,297,iHQ drama,M,2022-03-20 10:17:31,2022-03-20,10:17:31,20220320,101731
A,297,iHQ drama,M,2022-03-20 11:46:56,2022-03-20,11:46:56,20220320,114656
A,297,iHQ drama,M,2022-03-20 11:49:04,2022-03-20,11:49:04,20220320,114904
A,297,iHQ drama,M,2022-03-20 12:43:07,2022-03-20,12:43:07,20220320,124307
A,297,iHQ drama,M,2022-03-20 12:45:15,2022-03-20,12:45:15,20220320,124515
A,297,iHQ drama,M,2022-03-20 14:02:49,2022-03-20,14:02:49,20220320,140249
A,297,iHQ drama,M,2022-03-20 14:04:57,2022-03-20,14:04:57,20220320,140457
A,297,iHQ drama,M,2022-03-21 02:12:20,2022-03-21,02:12:20,20220321,21220
A,297,iHQ drama,M,2022-03-21 02:14:28,2022-03-21,02:14:28,20220321,21428
A,297,iHQ drama,M,2022-03-21 03:19:25,2022-03-21,03:19:25,20220321,31925
A,297,iHQ drama,M,2022-03-21 03:21:33,2022-03-21,03:21:33,20220321,32133
A,297,iHQ drama,M,2022-03-21 04:35:37,2022-03-21,04:35:37,20220321,43537
A,297,iHQ drama,M,2022-03-21 04:37:46,2022-03-21,04:37:46,20220321,43746
A,297,iHQ drama,M,2022-03-21 05:50:45,2022-03-21,05:50:45,20220321,55045
A,297,iHQ drama,M,2022-03-21 05:52:53,2022-03-21,05:52:53,20220321,55253
A,297,iHQ drama,M,2022-03-21 07:06:56,2022-03-21,07:06:56,20220321,70656
A,297,iHQ drama,M,2022-03-21 07:09:04,2022-03-21,07:09:04,20220321,70904
A,297,iHQ drama,M,2022-03-21 08:17:55,2022-03-21,08:17:55,20220321,81755
A,297,iHQ drama,M,2022-03-21 08:20:03,2022-03-21,08:20:03,20220321,82003
A,297,iHQ drama,M,2022-03-21 09:40:07,2022-03-21,09:40:07,20220321,94007
A,297,iHQ drama,M,2022-03-21 09:42:15,2022-03-21,09:42:15,20220321,94215
A,297,iHQ drama,M,2022-03-21 10:13:09,2022-03-21,10:13:09,20220321,101309
A,297,iHQ drama,M,2022-03-21 10:15:18,2022-03-21,10:15:18,20220321,101518
A,297,iHQ drama,M,2022-03-21 11:23:35,2022-03-21,11:23:35,20220321,112335
A,297,iHQ drama,M,2022-03-21 11:25:43,2022-03-21,11:25:43,20220321,112543
A,297,iHQ drama,M,2022-03-21 12:32:09,2022-03-21,12:32:09,20220321,123209
A,297,iHQ drama,M,2022-03-21 12:34:17,2022-03-21,12:34:17,20220321,123417
A,297,iHQ drama,M,2022-03-21 13:28:35,2022-03-21,13:28:35,20220321,132835
A,297,iHQ drama,M,2022-03-21 13:30:43,2022-03-21,13:30:43,20220321,133043
A,297,iHQ drama,M,2022-03-21 15:09:14,2022-03-21,15:09:14,20220321,150914
A,297,iHQ drama,M,2022-03-21 15:11:22,2022-03-21,15:11:22,20220321,151122
A,297,iHQ drama,M,2022-03-22 02:43:18,2022-03-22,02:43:18,20220322,24318
A,297,iHQ drama,M,2022-03-22 02:45:26,2022-03-22,02:45:26,20220322,24526
A,297,iHQ drama,M,2022-03-22 03:09:08,2022-03-22,03:09:08,20220322,30908
A,297,iHQ drama,M,2022-03-22 03:11:17,2022-03-22,03:11:17,20220322,31117
A,297,iHQ drama,M,2022-03-22 03:34:34,2022-03-22,03:34:34,20220322,33434
A,297,iHQ drama,M,2022-03-22 03:36:42,2022-03-22,03:36:42,20220322,33642
A,297,iHQ drama,M,2022-03-22 03:59:52,2022-03-22,03:59:52,20220322,35952
A,297,iHQ drama,M,2022-03-22 04:02:00,2022-03-22,04:02:00,20220322,40200
A,297,iHQ drama,M,2022-03-22 05:15:29,2022-03-22,05:15:29,20220322,51529
A,297,iHQ drama,M,2022-03-22 05:17:37,2022-03-22,05:17:37,20220322,51737
A,297,iHQ drama,M,2022-03-22 06:31:50,2022-03-22,06:31:50,20220322,63150
A,297,iHQ drama,M,2022-03-22 06:33:59,2022-03-22,06:33:59,20220322,63359
A,297,iHQ drama,M,2022-03-22 07:52:25,2022-03-22,07:52:25,20220322,75225
A,297,iHQ drama,M,2022-03-22 07:54:33,2022-03-22,07:54:33,20220322,75433
A,297,iHQ drama,M,2022-03-22 09:12:58,2022-03-22,09:12:58,20220322,91258
A,297,iHQ drama,M,2022-03-22 09:15:06,2022-03-22,09:15:06,20220322,91506
A,297,iHQ drama,M,2022-03-22 10:25:35,2022-03-22,10:25:35,20220322,102535
A,297,iHQ drama,M,2022-03-22 10:27:43,2022-03-22,10:27:43,20220322,102743
A,297,iHQ drama,M,2022-03-22 11:44:07,2022-03-22,11:44:07,20220322,114407
A,297,iHQ drama,M,2022-03-22 11:46:15,2022-03-22,11:46:15,20220322,114615
A,297,iHQ drama,M,2022-03-22 12:40:32,2022-03-22,12:40:32,20220322,124032
A,297,iHQ drama,M,2022-03-22 12:42:40,2022-03-22,12:42:40,20220322,124240
A,297,iHQ drama,M,2022-03-22 14:08:19,2022-03-22,14:08:19,20220322,140819
A,297,iHQ drama,M,2022-03-22 14:10:28,2022-03-22,14:10:28,20220322,141028
A,297,iHQ drama,M,2022-03-23 02:36:33,2022-03-23,02:36:33,20220323,23633
A,297,iHQ drama,M,2022-03-23 02:38:41,2022-03-23,02:38:41,20220323,23841
A,297,iHQ drama,M,2022-03-23 03:55:17,2022-03-23,03:55:17,20220323,35517
A,297,iHQ drama,M,2022-03-23 03:57:25,2022-03-23,03:57:25,20220323,35725
A,297,iHQ drama,M,2022-03-23 05:05:19,2022-03-23,05:05:19,20220323,50519
A,297,iHQ drama,M,2022-03-23 05:07:27,2022-03-23,05:07:27,20220323,50727
A,297,iHQ drama,M,2022-03-23 06:12:23,2022-03-23,06:12:23,20220323,61223
A,297,iHQ drama,M,2022-03-23 06:14:31,2022-03-23,06:14:31,20220323,61431
A,297,iHQ drama,M,2022-03-23 07:22:27,2022-03-23,07:22:27,20220323,72227
A,297,iHQ drama,M,2022-03-23 07:24:35,2022-03-23,07:24:35,20220323,72435
A,297,iHQ drama,M,2022-03-23 08:32:20,2022-03-23,08:32:20,20220323,83220
A,297,iHQ drama,M,2022-03-23 08:34:28,2022-03-23,08:34:28,20220323,83428
A,297,iHQ drama,M,2022-03-23 09:56:50,2022-03-23,09:56:50,20220323,95650
A,297,iHQ drama,M,2022-03-23 09:58:58,2022-03-23,09:58:58,20220323,95858
A,297,iHQ drama,M,2022-03-23 10:53:45,2022-03-23,10:53:45,20220323,105345
A,297,iHQ drama,M,2022-03-23 10:55:54,2022-03-23,10:55:54,20220323,105554
A,297,iHQ drama,M,2022-03-23 12:14:01,2022-03-23,12:14:01,20220323,121401
A,297,iHQ drama,M,2022-03-23 12:16:09,2022-03-23,12:16:09,20220323,121609
A,297,iHQ drama,M,2022-03-23 13:32:10,2022-03-23,13:32:10,20220323,133210
A,297,iHQ drama,M,2022-03-23 13:34:18,2022-03-23,13:34:18,20220323,133418
A,297,iHQ drama,M,2022-03-23 14:54:08,2022-03-23,14:54:08,20220323,145408
A,297,iHQ drama,M,2022-03-23 14:56:16,2022-03-23,14:56:16,20220323,145616
A,297,iHQ drama,M,2022-03-23 16:07:12,2022-03-23,16:07:12,20220323,160712
A,297,iHQ drama,M,2022-03-23 16:09:21,2022-03-23,16:09:21,20220323,160921
A,297,iHQ drama,M,2022-03-24 02:26:32,2022-03-24,02:26:32,20220324,22632
A,297,iHQ drama,M,2022-03-24 02:28:40,2022-03-24,02:28:40,20220324,22840
A,297,iHQ drama,M,2022-03-24 02:53:11,2022-03-24,02:53:11,20220324,25311
A,297,iHQ drama,M,2022-03-24 02:55:19,2022-03-24,02:55:19,20220324,25519
A,297,iHQ drama,M,2022-03-24 03:59:06,2022-03-24,03:59:06,20220324,35906
A,297,iHQ drama,M,2022-03-24 04:01:14,2022-03-24,04:01:14,20220324,40114
A,297,iHQ drama,M,2022-03-24 04:31:15,2022-03-24,04:31:15,20220324,43115
A,297,iHQ drama,M,2022-03-24 04:33:23,2022-03-24,04:33:23,20220324,43323
A,297,iHQ drama,M,2022-03-24 05:01:10,2022-03-24,05:01:10,20220324,50110
A,297,iHQ drama,M,2022-03-24 05:03:18,2022-03-24,05:03:18,20220324,50318
A,297,iHQ drama,M,2022-03-24 06:17:53,2022-03-24,06:17:53,20220324,61753
A,297,iHQ drama,M,2022-03-24 06:20:02,2022-03-24,06:20:02,20220324,62002
A,297,iHQ drama,M,2022-03-24 07:25:43,2022-03-24,07:25:43,20220324,72543
A,297,iHQ drama,M,2022-03-24 07:27:51,2022-03-24,07:27:51,20220324,72751
A,297,iHQ drama,M,2022-03-24 08:43:52,2022-03-24,08:43:52,20220324,84352
A,297,iHQ drama,M,2022-03-24 08:46:00,2022-03-24,08:46:00,20220324,84600
A,297,iHQ drama,M,2022-03-24 09:41:49,2022-03-24,09:41:49,20220324,94149
A,297,iHQ drama,M,2022-03-24 09:43:57,2022-03-24,09:43:57,20220324,94357
A,297,iHQ drama,M,2022-03-24 11:03:51,2022-03-24,11:03:51,20220324,110351
A,297,iHQ drama,M,2022-03-24 11:05:59,2022-03-24,11:05:59,20220324,110559
A,297,iHQ drama,M,2022-03-24 12:14:04,2022-03-24,12:14:04,20220324,121404
A,297,iHQ drama,M,2022-03-24 12:16:12,2022-03-24,12:16:12,20220324,121612
A,297,iHQ drama,M,2022-03-24 13:38:01,2022-03-24,13:38:01,20220324,133801
A,297,iHQ drama,M,2022-03-24 13:40:09,2022-03-24,13:40:09,20220324,134009
A,297,iHQ drama,M,2022-03-25 02:55:15,2022-03-25,02:55:15,20220325,25515
A,297,iHQ drama,M,2022-03-25 02:57:23,2022-03-25,02:57:23,20220325,25723
A,297,iHQ drama,M,2022-03-25 04:11:03,2022-03-25,04:11:03,20220325,41103
A,297,iHQ drama,M,2022-03-25 04:13:11,2022-03-25,04:13:11,20220325,41311
A,297,iHQ drama,M,2022-03-25 05:27:05,2022-03-25,05:27:05,20220325,52705
A,297,iHQ drama,M,2022-03-25 05:29:14,2022-03-25,05:29:14,20220325,52914
A,297,iHQ drama,M,2022-03-25 06:49:44,2022-03-25,06:49:44,20220325,64944
A,297,iHQ drama,M,2022-03-25 06:51:52,2022-03-25,06:51:52,20220325,65152
A,297,iHQ drama,M,2022-03-25 07:22:53,2022-03-25,07:22:53,20220325,72253
A,297,iHQ drama,M,2022-03-25 07:25:02,2022-03-25,07:25:02,20220325,72502
A,297,iHQ drama,M,2022-03-25 08:44:54,2022-03-25,08:44:54,20220325,84454
A,297,iHQ drama,M,2022-03-25 08:47:02,2022-03-25,08:47:02,20220325,84702
A,297,iHQ drama,M,2022-03-25 10:03:35,2022-03-25,10:03:35,20220325,100335
A,297,iHQ drama,M,2022-03-25 10:05:43,2022-03-25,10:05:43,20220325,100543
A,297,iHQ drama,M,2022-03-25 11:25:32,2022-03-25,11:25:32,20220325,112532
A,297,iHQ drama,M,2022-03-25 11:27:41,2022-03-25,11:27:41,20220325,112741
A,297,iHQ drama,M,2022-03-25 12:57:35,2022-03-25,12:57:35,20220325,125735
A,297,iHQ drama,M,2022-03-25 12:59:43,2022-03-25,12:59:43,20220325,125943
A,297,iHQ drama,M,2022-03-25 14:08:01,2022-03-25,14:08:01,20220325,140801
A,297,iHQ drama,M,2022-03-25 14:10:09,2022-03-25,14:10:09,20220325,141009
A,297,iHQ drama,M,2022-03-25 16:32:31,2022-03-25,16:32:31,20220325,163231
A,297,iHQ drama,M,2022-03-25 16:34:39,2022-03-25,16:34:39,20220325,163439
A,297,iHQ drama,M,2022-03-25 17:45:21,2022-03-25,17:45:21,20220325,174521
A,297,iHQ drama,M,2022-03-25 17:47:29,2022-03-25,17:47:29,20220325,174729
A,297,iHQ drama,M,2022-03-26 02:31:33,2022-03-26,02:31:33,20220326,23133
A,297,iHQ drama,M,2022-03-26 02:33:41,2022-03-26,02:33:41,20220326,23341
A,297,iHQ drama,M,2022-03-26 03:41:27,2022-03-26,03:41:27,20220326,34127
A,297,iHQ drama,M,2022-03-26 03:43:35,2022-03-26,03:43:35,20220326,34335
A,297,iHQ drama,M,2022-03-26 04:15:33,2022-03-26,04:15:33,20220326,41533
A,297,iHQ drama,M,2022-03-26 04:17:41,2022-03-26,04:17:41,20220326,41741
A,297,iHQ drama,M,2022-03-26 05:30:28,2022-03-26,05:30:28,20220326,53028
A,297,iHQ drama,M,2022-03-26 05:32:36,2022-03-26,05:32:36,20220326,53236
A,297,iHQ drama,M,2022-03-26 06:23:37,2022-03-26,06:23:37,20220326,62337
A,297,iHQ drama,M,2022-03-26 06:25:45,2022-03-26,06:25:45,20220326,62545
A,297,iHQ drama,M,2022-03-26 07:32:16,2022-03-26,07:32:16,20220326,73216
A,297,iHQ drama,M,2022-03-26 07:34:24,2022-03-26,07:34:24,20220326,73424
A,297,iHQ drama,M,2022-03-26 08:51:41,2022-03-26,08:51:41,20220326,85141
A,297,iHQ drama,M,2022-03-26 08:53:49,2022-03-26,08:53:49,20220326,85349
A,297,iHQ drama,M,2022-03-26 10:09:34,2022-03-26,10:09:34,20220326,100934
A,297,iHQ drama,M,2022-03-26 10:11:43,2022-03-26,10:11:43,20220326,101143
A,297,iHQ drama,M,2022-03-26 12:44:52,2022-03-26,12:44:52,20220326,124452
A,297,iHQ drama,M,2022-03-26 12:47:00,2022-03-26,12:47:00,20220326,124700
A,297,iHQ drama,M,2022-03-26 13:56:27,2022-03-26,13:56:27,20220326,135627
A,297,iHQ drama,M,2022-03-26 13:58:35,2022-03-26,13:58:35,20220326,135835
A,297,iHQ drama,M,2022-03-26 15:23:26,2022-03-26,15:23:26,20220326,152326
A,297,iHQ drama,M,2022-03-26 15:25:34,2022-03-26,15:25:34,20220326,152534
A,297,iHQ drama,M,2022-03-26 16:33:09,2022-03-26,16:33:09,20220326,163309
A,297,iHQ drama,M,2022-03-26 16:35:17,2022-03-26,16:35:17,20220326,163517
A,297,iHQ drama,M,2022-03-27 03:01:09,2022-03-27,03:01:09,20220327,30109
A,297,iHQ drama,M,2022-03-27 03:03:17,2022-03-27,03:03:17,20220327,30317
A,297,iHQ drama,M,2022-03-27 04:04:52,2022-03-27,04:04:52,20220327,40452
A,297,iHQ drama,M,2022-03-27 04:07:00,2022-03-27,04:07:00,20220327,40700
A,297,iHQ drama,M,2022-03-27 05:13:18,2022-03-27,05:13:18,20220327,51318
A,297,iHQ drama,M,2022-03-27 05:15:26,2022-03-27,05:15:26,20220327,51526
A,297,iHQ drama,M,2022-03-27 06:47:54,2022-03-27,06:47:54,20220327,64754
A,297,iHQ drama,M,2022-03-27 06:50:02,2022-03-27,06:50:02,20220327,65002
A,297,iHQ drama,M,2022-03-27 07:23:46,2022-03-27,07:23:46,20220327,72346
A,297,iHQ drama,M,2022-03-27 07:25:54,2022-03-27,07:25:54,20220327,72554
A,297,iHQ drama,M,2022-03-27 08:23:54,2022-03-27,08:23:54,20220327,82354
A,297,iHQ drama,M,2022-03-27 08:26:02,2022-03-27,08:26:02,20220327,82602
A,297,iHQ drama,M,2022-03-27 10:35:21,2022-03-27,10:35:21,20220327,103521
A,297,iHQ drama,M,2022-03-27 10:37:29,2022-03-27,10:37:29,20220327,103729
A,297,iHQ drama,M,2022-03-27 12:03:09,2022-03-27,12:03:09,20220327,120309
A,297,iHQ drama,M,2022-03-27 12:05:17,2022-03-27,12:05:17,20220327,120517
A,297,iHQ drama,M,2022-03-27 13:30:25,2022-03-27,13:30:25,20220327,133025
A,297,iHQ drama,M,2022-03-27 13:32:33,2022-03-27,13:32:33,20220327,133233
A,297,iHQ drama,M,2022-03-27 14:49:13,2022-03-27,14:49:13,20220327,144913
A,297,iHQ drama,M,2022-03-27 14:51:21,2022-03-27,14:51:21,20220327,145121
A,297,iHQ drama,M,2022-03-27 16:10:46,2022-03-27,16:10:46,20220327,161046
A,297,iHQ drama,M,2022-03-27 16:12:54,2022-03-27,16:12:54,20220327,161254
A,297,iHQ drama,M,2022-03-27 17:22:53,2022-03-27,17:22:53,20220327,172253
A,297,iHQ drama,M,2022-03-27 17:25:01,2022-03-27,17:25:01,20220327,172501
A,297,iHQ drama,M,2022-03-28 02:01:54,2022-03-28,02:01:54,20220328,20154
A,297,iHQ drama,M,2022-03-28 02:04:02,2022-03-28,02:04:02,20220328,20402
A,297,iHQ drama,M,2022-03-28 03:11:49,2022-03-28,03:11:49,20220328,31149
A,297,iHQ drama,M,2022-03-28 03:13:57,2022-03-28,03:13:57,20220328,31357
A,297,iHQ drama,M,2022-03-28 04:19:15,2022-03-28,04:19:15,20220328,41915
A,297,iHQ drama,M,2022-03-28 04:21:24,2022-03-28,04:21:24,20220328,42124
A,297,iHQ drama,M,2022-03-28 05:22:22,2022-03-28,05:22:22,20220328,52222
A,297,iHQ drama,M,2022-03-28 05:24:30,2022-03-28,05:24:30,20220328,52430
A,297,iHQ drama,M,2022-03-28 06:29:55,2022-03-28,06:29:55,20220328,62955
A,297,iHQ drama,M,2022-03-28 06:32:03,2022-03-28,06:32:03,20220328,63203
A,297,iHQ drama,M,2022-03-28 07:39:00,2022-03-28,07:39:00,20220328,73900
A,297,iHQ drama,M,2022-03-28 07:41:07,2022-03-28,07:41:07,20220328,74107
A,297,iHQ drama,M,2022-03-28 09:00:58,2022-03-28,09:00:58,20220328,90058
A,297,iHQ drama,M,2022-03-28 09:03:06,2022-03-28,09:03:06,20220328,90306
A,297,iHQ drama,M,2022-03-28 09:52:25,2022-03-28,09:52:25,20220328,95225
A,297,iHQ drama,M,2022-03-28 09:54:33,2022-03-28,09:54:33,20220328,95433
A,297,iHQ drama,M,2022-03-28 11:11:19,2022-03-28,11:11:19,20220328,111119
A,297,iHQ drama,M,2022-03-28 11:13:27,2022-03-28,11:13:27,20220328,111327
A,297,iHQ drama,M,2022-03-28 12:33:37,2022-03-28,12:33:37,20220328,123337
A,297,iHQ drama,M,2022-03-28 12:35:45,2022-03-28,12:35:45,20220328,123545
A,297,iHQ drama,M,2022-03-28 13:30:31,2022-03-28,13:30:31,20220328,133031
A,297,iHQ drama,M,2022-03-28 13:32:39,2022-03-28,13:32:39,20220328,133239
A,297,iHQ drama,M,2022-03-28 16:13:02,2022-03-28,16:13:02,20220328,161302
A,297,iHQ drama,M,2022-03-28 16:15:10,2022-03-28,16:15:10,20220328,161510
A,297,iHQ drama,M,2022-03-29 03:00:37,2022-03-29,03:00:37,20220329,30037
A,297,iHQ drama,M,2022-03-29 03:02:45,2022-03-29,03:02:45,20220329,30245
A,297,iHQ drama,M,2022-03-29 04:39:26,2022-03-29,04:39:26,20220329,43926
A,297,iHQ drama,M,2022-03-29 04:41:34,2022-03-29,04:41:34,20220329,44134
A,297,iHQ drama,M,2022-03-29 05:54:50,2022-03-29,05:54:50,20220329,55450
A,297,iHQ drama,M,2022-03-29 05:56:58,2022-03-29,05:56:58,20220329,55658
A,297,iHQ drama,M,2022-03-29 07:06:40,2022-03-29,07:06:40,20220329,70640
A,297,iHQ drama,M,2022-03-29 07:08:48,2022-03-29,07:08:48,20220329,70848
A,297,iHQ drama,M,2022-03-29 08:32:15,2022-03-29,08:32:15,20220329,83215
A,297,iHQ drama,M,2022-03-29 08:34:23,2022-03-29,08:34:23,20220329,83423
A,297,iHQ drama,M,2022-03-29 09:04:16,2022-03-29,09:04:16,20220329,90416
A,297,iHQ drama,M,2022-03-29 09:06:24,2022-03-29,09:06:24,20220329,90624
A,297,iHQ drama,M,2022-03-29 10:18:05,2022-03-29,10:18:05,20220329,101805
A,297,iHQ drama,M,2022-03-29 10:20:13,2022-03-29,10:20:13,20220329,102013
A,297,iHQ drama,M,2022-03-29 11:38:09,2022-03-29,11:38:09,20220329,113809
A,297,iHQ drama,M,2022-03-29 11:40:17,2022-03-29,11:40:17,20220329,114017
A,297,iHQ drama,M,2022-03-29 12:35:07,2022-03-29,12:35:07,20220329,123507
A,297,iHQ drama,M,2022-03-29 12:37:15,2022-03-29,12:37:15,20220329,123715
A,297,iHQ drama,M,2022-03-29 14:01:21,2022-03-29,14:01:21,20220329,140121
A,297,iHQ drama,M,2022-03-29 14:03:30,2022-03-29,14:03:30,20220329,140330
A,297,iHQ drama,M,2022-03-29 15:11:47,2022-03-29,15:11:47,20220329,151147
A,297,iHQ drama,M,2022-03-29 15:13:55,2022-03-29,15:13:55,20220329,151355
A,297,iHQ drama,M,2022-03-29 16:31:10,2022-03-29,16:31:10,20220329,163110
A,297,iHQ drama,M,2022-03-29 16:33:18,2022-03-29,16:33:18,20220329,163318
A,297,iHQ drama,M,2022-03-30 02:35:29,2022-03-30,02:35:29,20220330,23529
A,297,iHQ drama,M,2022-03-30 02:37:37,2022-03-30,02:37:37,20220330,23737
A,297,iHQ drama,M,2022-03-30 03:42:15,2022-03-30,03:42:15,20220330,34215
A,297,iHQ drama,M,2022-03-30 03:44:23,2022-03-30,03:44:23,20220330,34423
A,297,iHQ drama,M,2022-03-30 05:05:08,2022-03-30,05:05:08,20220330,50508
A,297,iHQ drama,M,2022-03-30 05:07:16,2022-03-30,05:07:16,20220330,50716
A,297,iHQ drama,M,2022-03-30 06:20:32,2022-03-30,06:20:32,20220330,62032
A,297,iHQ drama,M,2022-03-30 06:22:41,2022-03-30,06:22:41,20220330,62241
A,297,iHQ drama,M,2022-03-30 08:00:22,2022-03-30,08:00:22,20220330,80022
A,297,iHQ drama,M,2022-03-30 08:02:30,2022-03-30,08:02:30,20220330,80230
A,297,iHQ drama,M,2022-03-30 08:41:36,2022-03-30,08:41:36,20220330,84136
A,297,iHQ drama,M,2022-03-30 08:43:44,2022-03-30,08:43:44,20220330,84344
A,297,iHQ drama,M,2022-03-30 10:02:38,2022-03-30,10:02:38,20220330,100238
A,297,iHQ drama,M,2022-03-30 10:04:45,2022-03-30,10:04:45,20220330,100445
A,297,iHQ drama,M,2022-03-30 10:59:51,2022-03-30,10:59:51,20220330,105951
A,297,iHQ drama,M,2022-03-30 11:01:59,2022-03-30,11:01:59,20220330,110159
A,297,iHQ drama,M,2022-03-30 12:13:45,2022-03-30,12:13:45,20220330,121345
A,297,iHQ drama,M,2022-03-30 12:15:53,2022-03-30,12:15:53,20220330,121553
A,297,iHQ drama,M,2022-03-30 13:35:02,2022-03-30,13:35:02,20220330,133502
A,297,iHQ drama,M,2022-03-30 13:37:10,2022-03-30,13:37:10,20220330,133710
A,297,iHQ drama,M,2022-03-30 16:05:25,2022-03-30,16:05:25,20220330,160525
A,297,iHQ drama,M,2022-03-30 16:07:33,2022-03-30,16:07:33,20220330,160733
A,297,iHQ drama,M,2022-03-30 17:32:01,2022-03-30,17:32:01,20220330,173201
A,297,iHQ drama,M,2022-03-30 17:34:09,2022-03-30,17:34:09,20220330,173409
A,297,iHQ drama,M,2022-03-31 02:22:13,2022-03-31,02:22:13,20220331,22213
A,297,iHQ drama,M,2022-03-31 02:24:21,2022-03-31,02:24:21,20220331,22421
A,297,iHQ drama,M,2022-03-31 03:33:09,2022-03-31,03:33:09,20220331,33309
A,297,iHQ drama,M,2022-03-31 03:35:17,2022-03-31,03:35:17,20220331,33517
A,297,iHQ drama,M,2022-03-31 04:49:54,2022-03-31,04:49:54,20220331,44954
A,297,iHQ drama,M,2022-03-31 04:52:02,2022-03-31,04:52:02,20220331,45202
A,297,iHQ drama,M,2022-03-31 06:06:08,2022-03-31,06:06:08,20220331,60608
A,297,iHQ drama,M,2022-03-31 06:08:16,2022-03-31,06:08:16,20220331,60816
A,297,iHQ drama,M,2022-03-31 07:23:37,2022-03-31,07:23:37,20220331,72337
A,297,iHQ drama,M,2022-03-31 07:25:46,2022-03-31,07:25:46,20220331,72546
A,297,iHQ drama,M,2022-03-31 08:40:19,2022-03-31,08:40:19,20220331,84019
A,297,iHQ drama,M,2022-03-31 08:42:27,2022-03-31,08:42:27,20220331,84227
A,297,iHQ drama,M,2022-03-31 09:53:43,2022-03-31,09:53:43,20220331,95343
A,297,iHQ drama,M,2022-03-31 09:55:51,2022-03-31,09:55:51,20220331,95551
A,297,iHQ drama,M,2022-03-31 11:12:49,2022-03-31,11:12:49,20220331,111249
A,297,iHQ drama,M,2022-03-31 11:14:57,2022-03-31,11:14:57,20220331,111457
A,297,iHQ drama,M,2022-03-31 12:21:10,2022-03-31,12:21:10,20220331,122110
A,297,iHQ drama,M,2022-03-31 12:23:18,2022-03-31,12:23:18,20220331,122318
A,297,iHQ drama,M,2022-03-31 13:51:23,2022-03-31,13:51:23,20220331,135123
A,297,iHQ drama,M,2022-03-31 13:53:31,2022-03-31,13:53:31,20220331,135331
A,297,iHQ drama,M,2022-03-31 15:13:37,2022-03-31,15:13:37,20220331,151337
A,297,iHQ drama,M,2022-03-31 15:15:45,2022-03-31,15:15:45,20220331,151545
A,297,iHQ drama,M,2022-03-31 16:40:53,2022-03-31,16:40:53,20220331,164053
A,297,iHQ drama,M,2022-03-31 16:43:01,2022-03-31,16:43:01,20220331,164301
A,297,iHQ drama,M,2022-04-01 02:47:07,2022-04-01,02:47:07,20220401,24707
A,297,iHQ drama,M,2022-04-01 02:49:15,2022-04-01,02:49:15,20220401,24915
A,297,iHQ drama,M,2022-04-01 03:58:19,2022-04-01,03:58:19,20220401,35819
A,297,iHQ drama,M,2022-04-01 04:00:27,2022-04-01,04:00:27,20220401,40027
A,297,iHQ drama,M,2022-04-01 04:55:16,2022-04-01,04:55:16,20220401,45516
A,297,iHQ drama,M,2022-04-01 04:57:24,2022-04-01,04:57:24,20220401,45724
A,297,iHQ drama,M,2022-04-01 06:23:05,2022-04-01,06:23:05,20220401,62305
A,297,iHQ drama,M,2022-04-01 06:25:13,2022-04-01,06:25:13,20220401,62513
A,297,iHQ drama,M,2022-04-01 07:43:03,2022-04-01,07:43:03,20220401,74303
A,297,iHQ drama,M,2022-04-01 07:45:11,2022-04-01,07:45:11,20220401,74511
A,297,iHQ drama,M,2022-04-01 08:41:24,2022-04-01,08:41:24,20220401,84124
A,297,iHQ drama,M,2022-04-01 08:43:32,2022-04-01,08:43:32,20220401,84332
A,297,iHQ drama,M,2022-04-01 11:16:08,2022-04-01,11:16:08,20220401,111608
A,297,iHQ drama,M,2022-04-01 11:18:16,2022-04-01,11:18:16,20220401,111816
A,297,iHQ drama,M,2022-04-01 12:43:27,2022-04-01,12:43:27,20220401,124327
A,297,iHQ drama,M,2022-04-01 12:45:35,2022-04-01,12:45:35,20220401,124535
A,297,iHQ drama,M,2022-04-01 13:50:38,2022-04-01,13:50:38,20220401,135038
A,297,iHQ drama,M,2022-04-01 13:52:46,2022-04-01,13:52:46,20220401,135246
A,297,iHQ drama,M,2022-04-01 14:59:41,2022-04-01,14:59:41,20220401,145941
A,297,iHQ drama,M,2022-04-01 15:01:49,2022-04-01,15:01:49,20220401,150149
A,297,iHQ drama,M,2022-04-01 16:28:31,2022-04-01,16:28:31,20220401,162831
A,297,iHQ drama,M,2022-04-01 16:30:39,2022-04-01,16:30:39,20220401,163039
A,297,iHQ drama,M,2022-04-01 17:41:30,2022-04-01,17:41:30,20220401,174130
A,297,iHQ drama,M,2022-04-01 17:43:38,2022-04-01,17:43:38,20220401,174338
A,297,iHQ drama,M,2022-04-02 02:30:09,2022-04-02,02:30:09,20220402,23009
A,297,iHQ drama,M,2022-04-02 02:32:17,2022-04-02,02:32:17,20220402,23217
A,297,iHQ drama,M,2022-04-02 03:52:43,2022-04-02,03:52:43,20220402,35243
A,297,iHQ drama,M,2022-04-02 03:54:51,2022-04-02,03:54:51,20220402,35451
A,297,iHQ drama,M,2022-04-02 04:30:52,2022-04-02,04:30:52,20220402,43052
A,297,iHQ drama,M,2022-04-02 04:33:00,2022-04-02,04:33:00,20220402,43300
A,297,iHQ drama,M,2022-04-02 05:46:28,2022-04-02,05:46:28,20220402,54628
A,297,iHQ drama,M,2022-04-02 05:48:36,2022-04-02,05:48:36,20220402,54836
A,297,iHQ drama,M,2022-04-02 06:52:35,2022-04-02,06:52:35,20220402,65235
A,297,iHQ drama,M,2022-04-02 06:54:43,2022-04-02,06:54:43,20220402,65443
A,297,iHQ drama,M,2022-04-02 07:56:27,2022-04-02,07:56:27,20220402,75627
A,297,iHQ drama,M,2022-04-02 07:58:35,2022-04-02,07:58:35,20220402,75835
A,297,iHQ drama,M,2022-04-02 09:05:19,2022-04-02,09:05:19,20220402,90519
A,297,iHQ drama,M,2022-04-02 09:07:27,2022-04-02,09:07:27,20220402,90727
A,297,iHQ drama,M,2022-04-02 11:38:29,2022-04-02,11:38:29,20220402,113829
A,297,iHQ drama,M,2022-04-02 11:40:37,2022-04-02,11:40:37,20220402,114037
A,297,iHQ drama,M,2022-04-02 13:06:49,2022-04-02,13:06:49,20220402,130649
A,297,iHQ drama,M,2022-04-02 13:08:57,2022-04-02,13:08:57,20220402,130857
A,297,iHQ drama,M,2022-04-02 14:19:03,2022-04-02,14:19:03,20220402,141903
A,297,iHQ drama,M,2022-04-02 14:21:11,2022-04-02,14:21:11,20220402,142111
A,297,iHQ drama,M,2022-04-02 15:42:45,2022-04-02,15:42:45,20220402,154245
A,297,iHQ drama,M,2022-04-02 15:44:53,2022-04-02,15:44:53,20220402,154453
A,297,iHQ drama,M,2022-04-02 16:51:39,2022-04-02,16:51:39,20220402,165139
A,297,iHQ drama,M,2022-04-02 16:53:47,2022-04-02,16:53:47,20220402,165347
A,297,iHQ drama,M,2022-04-03 03:11:36,2022-04-03,03:11:36,20220403,31136
A,297,iHQ drama,M,2022-04-03 03:13:44,2022-04-03,03:13:44,20220403,31344
A,297,iHQ drama,M,2022-04-03 04:16:13,2022-04-03,04:16:13,20220403,41613
A,297,iHQ drama,M,2022-04-03 04:18:22,2022-04-03,04:18:22,20220403,41822
A,297,iHQ drama,M,2022-04-03 05:22:20,2022-04-03,05:22:20,20220403,52220
A,297,iHQ drama,M,2022-04-03 05:24:28,2022-04-03,05:24:28,20220403,52428
A,297,iHQ drama,M,2022-04-03 06:28:40,2022-04-03,06:28:40,20220403,62840
A,297,iHQ drama,M,2022-04-03 06:30:49,2022-04-03,06:30:49,20220403,63049
A,297,iHQ drama,M,2022-04-03 07:49:58,2022-04-03,07:49:58,20220403,74958
A,297,iHQ drama,M,2022-04-03 07:52:06,2022-04-03,07:52:06,20220403,75206
A,297,iHQ drama,M,2022-04-03 08:48:43,2022-04-03,08:48:43,20220403,84843
A,297,iHQ drama,M,2022-04-03 08:50:51,2022-04-03,08:50:51,20220403,85051
A,297,iHQ drama,M,2022-04-03 09:30:30,2022-04-03,09:30:30,20220403,93030
A,297,iHQ drama,M,2022-04-03 09:32:38,2022-04-03,09:32:38,20220403,93238
A,297,iHQ drama,M,2022-04-03 10:57:54,2022-04-03,10:57:54,20220403,105754
A,297,iHQ drama,M,2022-04-03 11:00:03,2022-04-03,11:00:03,20220403,110003
A,297,iHQ drama,M,2022-04-03 12:22:53,2022-04-03,12:22:53,20220403,122253
A,297,iHQ drama,M,2022-04-03 12:25:01,2022-04-03,12:25:01,20220403,122501
A,297,iHQ drama,M,2022-04-03 13:49:43,2022-04-03,13:49:43,20220403,134943
A,297,iHQ drama,M,2022-04-03 13:51:51,2022-04-03,13:51:51,20220403,135151
A,297,iHQ drama,M,2022-04-03 16:23:13,2022-04-03,16:23:13,20220403,162313
A,297,iHQ drama,M,2022-04-03 16:25:21,2022-04-03,16:25:21,20220403,162521
A,297,iHQ drama,M,2022-04-03 17:36:33,2022-04-03,17:36:33,20220403,173633
A,297,iHQ drama,M,2022-04-03 17:38:41,2022-04-03,17:38:41,20220403,173841
A,297,iHQ drama,M,2022-04-04 02:16:32,2022-04-04,02:16:32,20220404,21632
A,297,iHQ drama,M,2022-04-04 02:18:40,2022-04-04,02:18:40,20220404,21840
A,297,iHQ drama,M,2022-04-04 03:23:23,2022-04-04,03:23:23,20220404,32323
A,297,iHQ drama,M,2022-04-04 03:25:31,2022-04-04,03:25:31,20220404,32531
A,297,iHQ drama,M,2022-04-04 04:33:50,2022-04-04,04:33:50,20220404,43350
A,297,iHQ drama,M,2022-04-04 04:35:58,2022-04-04,04:35:58,20220404,43558
A,297,iHQ drama,M,2022-04-04 05:48:38,2022-04-04,05:48:38,20220404,54838
A,297,iHQ drama,M,2022-04-04 05:50:46,2022-04-04,05:50:46,20220404,55046
A,297,iHQ drama,M,2022-04-04 07:04:39,2022-04-04,07:04:39,20220404,70439
A,297,iHQ drama,M,2022-04-04 07:06:47,2022-04-04,07:06:47,20220404,70647
A,297,iHQ drama,M,2022-04-04 08:16:57,2022-04-04,08:16:57,20220404,81657
A,297,iHQ drama,M,2022-04-04 08:19:05,2022-04-04,08:19:05,20220404,81905
A,297,iHQ drama,M,2022-04-04 09:38:03,2022-04-04,09:38:03,20220404,93803
A,297,iHQ drama,M,2022-04-04 09:40:11,2022-04-04,09:40:11,20220404,94011
A,297,iHQ drama,M,2022-04-04 12:11:56,2022-04-04,12:11:56,20220404,121156
A,297,iHQ drama,M,2022-04-04 12:14:04,2022-04-04,12:14:04,20220404,121404
A,297,iHQ drama,M,2022-04-04 13:08:34,2022-04-04,13:08:34,20220404,130834
A,297,iHQ drama,M,2022-04-04 13:10:43,2022-04-04,13:10:43,20220404,131043
A,297,iHQ drama,M,2022-04-04 14:54:43,2022-04-04,14:54:43,20220404,145443
A,297,iHQ drama,M,2022-04-04 14:56:51,2022-04-04,14:56:51,20220404,145651
A,297,iHQ drama,M,2022-04-04 16:22:38,2022-04-04,16:22:38,20220404,162238
A,297,iHQ drama,M,2022-04-04 16:24:46,2022-04-04,16:24:46,20220404,162446
A,297,iHQ drama,M,2022-04-04 17:26:37,2022-04-04,17:26:37,20220404,172637
A,297,iHQ drama,M,2022-04-04 17:28:45,2022-04-04,17:28:45,20220404,172845
A,297,iHQ drama,M,2022-04-05 02:45:49,2022-04-05,02:45:49,20220405,24549
A,297,iHQ drama,M,2022-04-05 02:47:57,2022-04-05,02:47:57,20220405,24757
A,297,iHQ drama,M,2022-04-05 04:23:57,2022-04-05,04:23:57,20220405,42357
A,297,iHQ drama,M,2022-04-05 04:26:05,2022-04-05,04:26:05,20220405,42605
A,297,iHQ drama,M,2022-04-05 05:36:56,2022-04-05,05:36:56,20220405,53656
A,297,iHQ drama,M,2022-04-05 05:39:04,2022-04-05,05:39:04,20220405,53904
A,297,iHQ drama,M,2022-04-05 07:01:11,2022-04-05,07:01:11,20220405,70111
A,297,iHQ drama,M,2022-04-05 07:03:19,2022-04-05,07:03:19,20220405,70319
A,297,iHQ drama,M,2022-04-05 08:21:50,2022-04-05,08:21:50,20220405,82150
A,297,iHQ drama,M,2022-04-05 08:23:58,2022-04-05,08:23:58,20220405,82358
A,297,iHQ drama,M,2022-04-05 09:27:20,2022-04-05,09:27:20,20220405,92720
A,297,iHQ drama,M,2022-04-05 09:29:28,2022-04-05,09:29:28,20220405,92928
A,297,iHQ drama,M,2022-04-05 10:47:28,2022-04-05,10:47:28,20220405,104728
A,297,iHQ drama,M,2022-04-05 10:49:36,2022-04-05,10:49:36,20220405,104936
A,297,iHQ drama,M,2022-04-05 12:15:30,2022-04-05,12:15:30,20220405,121530
A,297,iHQ drama,M,2022-04-05 12:17:38,2022-04-05,12:17:38,20220405,121738
A,297,iHQ drama,M,2022-04-05 13:43:08,2022-04-05,13:43:08,20220405,134308
A,297,iHQ drama,M,2022-04-05 13:45:17,2022-04-05,13:45:17,20220405,134517
A,297,iHQ drama,M,2022-04-05 14:51:44,2022-04-05,14:51:44,20220405,145144
A,297,iHQ drama,M,2022-04-05 14:53:52,2022-04-05,14:53:52,20220405,145352
A,297,iHQ drama,M,2022-04-05 16:11:23,2022-04-05,16:11:23,20220405,161123
A,297,iHQ drama,M,2022-04-05 16:13:31,2022-04-05,16:13:31,20220405,161331
A,297,iHQ drama,M,2022-04-05 17:24:27,2022-04-05,17:24:27,20220405,172427
A,297,iHQ drama,M,2022-04-05 17:26:35,2022-04-05,17:26:35,20220405,172635
A,297,iHQ drama,M,2022-04-06 02:44:29,2022-04-06,02:44:29,20220406,24429
A,297,iHQ drama,M,2022-04-06 02:46:37,2022-04-06,02:46:37,20220406,24637
A,297,iHQ drama,M,2022-04-06 03:52:15,2022-04-06,03:52:15,20220406,35215
A,297,iHQ drama,M,2022-04-06 03:54:22,2022-04-06,03:54:22,20220406,35422
A,297,iHQ drama,M,2022-04-06 04:57:51,2022-04-06,04:57:51,20220406,45751
A,297,iHQ drama,M,2022-04-06 04:59:59,2022-04-06,04:59:59,20220406,45959
A,297,iHQ drama,M,2022-04-06 06:17:26,2022-04-06,06:17:26,20220406,61726
A,297,iHQ drama,M,2022-04-06 06:19:34,2022-04-06,06:19:34,20220406,61934
A,297,iHQ drama,M,2022-04-06 07:30:36,2022-04-06,07:30:36,20220406,73036
A,297,iHQ drama,M,2022-04-06 07:32:45,2022-04-06,07:32:45,20220406,73245
A,297,iHQ drama,M,2022-04-06 08:21:16,2022-04-06,08:21:16,20220406,82116
A,297,iHQ drama,M,2022-04-06 08:23:24,2022-04-06,08:23:24,20220406,82324
A,297,iHQ drama,M,2022-04-06 09:46:25,2022-04-06,09:46:25,20220406,94625
A,297,iHQ drama,M,2022-04-06 09:48:33,2022-04-06,09:48:33,20220406,94833
A,297,iHQ drama,M,2022-04-06 11:58:21,2022-04-06,11:58:21,20220406,115821
A,297,iHQ drama,M,2022-04-06 12:00:29,2022-04-06,12:00:29,20220406,120029
A,297,iHQ drama,M,2022-04-06 13:17:40,2022-04-06,13:17:40,20220406,131740
A,297,iHQ drama,M,2022-04-06 13:19:48,2022-04-06,13:19:48,20220406,131948
A,297,iHQ drama,M,2022-04-06 14:36:50,2022-04-06,14:36:50,20220406,143650
A,297,iHQ drama,M,2022-04-06 14:38:58,2022-04-06,14:38:58,20220406,143858
A,297,iHQ drama,M,2022-04-06 15:49:17,2022-04-06,15:49:17,20220406,154917
A,297,iHQ drama,M,2022-04-06 15:51:25,2022-04-06,15:51:25,20220406,155125
A,297,iHQ drama,M,2022-04-06 17:06:40,2022-04-06,17:06:40,20220406,170640
A,297,iHQ drama,M,2022-04-06 17:08:48,2022-04-06,17:08:48,20220406,170848
A,297,iHQ drama,M,2022-04-07 02:49:43,2022-04-07,02:49:43,20220407,24943
A,297,iHQ drama,M,2022-04-07 02:51:51,2022-04-07,02:51:51,20220407,25151
A,297,iHQ drama,M,2022-04-07 04:01:14,2022-04-07,04:01:14,20220407,40114
A,297,iHQ drama,M,2022-04-07 04:03:22,2022-04-07,04:03:22,20220407,40322
A,297,iHQ drama,M,2022-04-07 05:04:10,2022-04-07,05:04:10,20220407,50410
A,297,iHQ drama,M,2022-04-07 05:06:18,2022-04-07,05:06:18,20220407,50618
A,297,iHQ drama,M,2022-04-07 06:22:05,2022-04-07,06:22:05,20220407,62205
A,297,iHQ drama,M,2022-04-07 06:24:13,2022-04-07,06:24:13,20220407,62413
A,297,iHQ drama,M,2022-04-07 07:40:01,2022-04-07,07:40:01,20220407,74001
A,297,iHQ drama,M,2022-04-07 07:42:09,2022-04-07,07:42:09,20220407,74209
A,297,iHQ drama,M,2022-04-07 08:52:49,2022-04-07,08:52:49,20220407,85249
A,297,iHQ drama,M,2022-04-07 08:54:57,2022-04-07,08:54:57,20220407,85457
A,297,iHQ drama,M,2022-04-07 10:09:06,2022-04-07,10:09:06,20220407,100906
A,297,iHQ drama,M,2022-04-07 10:11:15,2022-04-07,10:11:15,20220407,101115
A,297,iHQ drama,M,2022-04-07 11:24:04,2022-04-07,11:24:04,20220407,112404
A,297,iHQ drama,M,2022-04-07 11:26:12,2022-04-07,11:26:12,20220407,112612
A,297,iHQ drama,M,2022-04-07 12:35:34,2022-04-07,12:35:34,20220407,123534
A,297,iHQ drama,M,2022-04-07 12:37:42,2022-04-07,12:37:42,20220407,123742
A,297,iHQ drama,M,2022-04-07 14:03:32,2022-04-07,14:03:32,20220407,140332
A,297,iHQ drama,M,2022-04-07 14:05:40,2022-04-07,14:05:40,20220407,140540
A,297,iHQ drama,M,2022-04-07 15:18:29,2022-04-07,15:18:29,20220407,151829
A,297,iHQ drama,M,2022-04-07 15:20:37,2022-04-07,15:20:37,20220407,152037
A,297,iHQ drama,M,2022-04-07 16:43:42,2022-04-07,16:43:42,20220407,164342
A,297,iHQ drama,M,2022-04-07 16:45:51,2022-04-07,16:45:51,20220407,164551
A,297,iHQ drama,M,2022-04-08 02:36:32,2022-04-08,02:36:32,20220408,23632
A,297,iHQ drama,M,2022-04-08 02:38:40,2022-04-08,02:38:40,20220408,23840
A,297,iHQ drama,M,2022-04-08 03:51:55,2022-04-08,03:51:55,20220408,35155
A,297,iHQ drama,M,2022-04-08 03:54:03,2022-04-08,03:54:03,20220408,35403
A,297,iHQ drama,M,2022-04-08 05:08:24,2022-04-08,05:08:24,20220408,50824
A,297,iHQ drama,M,2022-04-08 05:10:32,2022-04-08,05:10:32,20220408,51032
A,297,iHQ drama,M,2022-04-08 06:37:43,2022-04-08,06:37:43,20220408,63743
A,297,iHQ drama,M,2022-04-08 06:39:51,2022-04-08,06:39:51,20220408,63951
A,297,iHQ drama,M,2022-04-08 07:57:28,2022-04-08,07:57:28,20220408,75728
A,297,iHQ drama,M,2022-04-08 07:59:36,2022-04-08,07:59:36,20220408,75936
A,297,iHQ drama,M,2022-04-08 08:36:15,2022-04-08,08:36:15,20220408,83615
A,297,iHQ drama,M,2022-04-08 08:38:23,2022-04-08,08:38:23,20220408,83823
A,297,iHQ drama,M,2022-04-08 09:35:57,2022-04-08,09:35:57,20220408,93557
A,297,iHQ drama,M,2022-04-08 09:38:05,2022-04-08,09:38:05,20220408,93805
A,297,iHQ drama,M,2022-04-08 10:56:19,2022-04-08,10:56:19,20220408,105619
A,297,iHQ drama,M,2022-04-08 10:58:27,2022-04-08,10:58:27,20220408,105827
A,297,iHQ drama,M,2022-04-08 12:17:38,2022-04-08,12:17:38,20220408,121738
A,297,iHQ drama,M,2022-04-08 12:19:46,2022-04-08,12:19:46,20220408,121946
A,297,iHQ drama,M,2022-04-08 13:42:32,2022-04-08,13:42:32,20220408,134232
A,297,iHQ drama,M,2022-04-08 13:44:40,2022-04-08,13:44:40,20220408,134440
A,297,iHQ drama,M,2022-04-08 14:54:01,2022-04-08,14:54:01,20220408,145401
A,297,iHQ drama,M,2022-04-08 14:56:09,2022-04-08,14:56:09,20220408,145609
A,297,iHQ drama,M,2022-04-08 17:34:10,2022-04-08,17:34:10,20220408,173410
A,297,iHQ drama,M,2022-04-08 17:36:18,2022-04-08,17:36:18,20220408,173618
A,297,iHQ drama,M,2022-04-09 03:06:55,2022-04-09,03:06:55,20220409,30655
A,297,iHQ drama,M,2022-04-09 03:09:03,2022-04-09,03:09:03,20220409,30903
A,297,iHQ drama,M,2022-04-09 04:12:07,2022-04-09,04:12:07,20220409,41207
A,297,iHQ drama,M,2022-04-09 04:14:15,2022-04-09,04:14:15,20220409,41415
A,297,iHQ drama,M,2022-04-09 05:34:16,2022-04-09,05:34:16,20220409,53416
A,297,iHQ drama,M,2022-04-09 05:36:24,2022-04-09,05:36:24,20220409,53624
A,297,iHQ drama,M,2022-04-09 06:52:56,2022-04-09,06:52:56,20220409,65256
A,297,iHQ drama,M,2022-04-09 06:55:04,2022-04-09,06:55:04,20220409,65504
A,297,iHQ drama,M,2022-04-09 08:16:34,2022-04-09,08:16:34,20220409,81634
A,297,iHQ drama,M,2022-04-09 08:18:42,2022-04-09,08:18:42,20220409,81842
A,297,iHQ drama,M,2022-04-09 09:28:20,2022-04-09,09:28:20,20220409,92820
A,297,iHQ drama,M,2022-04-09 09:30:28,2022-04-09,09:30:28,20220409,93028
A,297,iHQ drama,M,2022-04-09 10:49:07,2022-04-09,10:49:07,20220409,104907
A,297,iHQ drama,M,2022-04-09 10:51:16,2022-04-09,10:51:16,20220409,105116
A,297,iHQ drama,M,2022-04-09 12:07:32,2022-04-09,12:07:32,20220409,120732
A,297,iHQ drama,M,2022-04-09 12:09:40,2022-04-09,12:09:40,20220409,120940
A,297,iHQ drama,M,2022-04-09 13:33:13,2022-04-09,13:33:13,20220409,133313
A,297,iHQ drama,M,2022-04-09 13:35:22,2022-04-09,13:35:22,20220409,133522
A,297,iHQ drama,M,2022-04-09 14:47:14,2022-04-09,14:47:14,20220409,144714
A,297,iHQ drama,M,2022-04-09 14:49:22,2022-04-09,14:49:22,20220409,144922
A,297,iHQ drama,M,2022-04-09 16:11:51,2022-04-09,16:11:51,20220409,161151
A,297,iHQ drama,M,2022-04-09 16:13:59,2022-04-09,16:13:59,20220409,161359
A,297,iHQ drama,M,2022-04-09 17:22:09,2022-04-09,17:22:09,20220409,172209
A,297,iHQ drama,M,2022-04-09 17:24:17,2022-04-09,17:24:17,20220409,172417
A,297,iHQ drama,M,2022-04-10 02:05:44,2022-04-10,02:05:44,20220410,20544
A,297,iHQ drama,M,2022-04-10 02:07:52,2022-04-10,02:07:52,20220410,20752
A,297,iHQ drama,M,2022-04-10 03:26:45,2022-04-10,03:26:45,20220410,32645
A,297,iHQ drama,M,2022-04-10 03:28:54,2022-04-10,03:28:54,20220410,32854
A,297,iHQ drama,M,2022-04-10 04:33:31,2022-04-10,04:33:31,20220410,43331
A,297,iHQ drama,M,2022-04-10 04:35:39,2022-04-10,04:35:39,20220410,43539
A,297,iHQ drama,M,2022-04-10 05:56:55,2022-04-10,05:56:55,20220410,55655
A,297,iHQ drama,M,2022-04-10 05:59:03,2022-04-10,05:59:03,20220410,55903
A,297,iHQ drama,M,2022-04-10 07:16:20,2022-04-10,07:16:20,20220410,71620
A,297,iHQ drama,M,2022-04-10 07:18:29,2022-04-10,07:18:29,20220410,71829
A,297,iHQ drama,M,2022-04-10 08:17:19,2022-04-10,08:17:19,20220410,81719
A,297,iHQ drama,M,2022-04-10 08:19:28,2022-04-10,08:19:28,20220410,81928
A,297,iHQ drama,M,2022-04-10 08:55:22,2022-04-10,08:55:22,20220410,85522
A,297,iHQ drama,M,2022-04-10 08:57:30,2022-04-10,08:57:30,20220410,85730
A,297,iHQ drama,M,2022-04-10 10:09:58,2022-04-10,10:09:58,20220410,100958
A,297,iHQ drama,M,2022-04-10 10:12:06,2022-04-10,10:12:06,20220410,101206
A,297,iHQ drama,M,2022-04-10 11:35:06,2022-04-10,11:35:06,20220410,113506
A,297,iHQ drama,M,2022-04-10 11:37:14,2022-04-10,11:37:14,20220410,113714
A,297,iHQ drama,M,2022-04-10 12:32:02,2022-04-10,12:32:02,20220410,123202
A,297,iHQ drama,M,2022-04-10 12:34:11,2022-04-10,12:34:11,20220410,123411
A,297,iHQ drama,M,2022-04-10 13:51:22,2022-04-10,13:51:22,20220410,135122
A,297,iHQ drama,M,2022-04-10 13:53:30,2022-04-10,13:53:30,20220410,135330
A,297,iHQ drama,M,2022-04-10 15:10:32,2022-04-10,15:10:32,20220410,151032
A,297,iHQ drama,M,2022-04-10 15:12:40,2022-04-10,15:12:40,20220410,151240
A,297,iHQ drama,M,2022-04-11 03:06:40,2022-04-11,03:06:40,20220411,30640
A,297,iHQ drama,M,2022-04-11 03:08:48,2022-04-11,03:08:48,20220411,30848
A,297,iHQ drama,M,2022-04-11 04:13:50,2022-04-11,04:13:50,20220411,41350
A,297,iHQ drama,M,2022-04-11 04:15:58,2022-04-11,04:15:58,20220411,41558
A,297,iHQ drama,M,2022-04-11 05:31:03,2022-04-11,05:31:03,20220411,53103
A,297,iHQ drama,M,2022-04-11 05:33:11,2022-04-11,05:33:11,20220411,53311
A,297,iHQ drama,M,2022-04-11 06:52:36,2022-04-11,06:52:36,20220411,65236
A,297,iHQ drama,M,2022-04-11 06:54:44,2022-04-11,06:54:44,20220411,65444
A,297,iHQ drama,M,2022-04-11 07:38:45,2022-04-11,07:38:45,20220411,73845
A,297,iHQ drama,M,2022-04-11 07:40:53,2022-04-11,07:40:53,20220411,74053
A,297,iHQ drama,M,2022-04-11 09:10:01,2022-04-11,09:10:01,20220411,91001
A,297,iHQ drama,M,2022-04-11 09:12:09,2022-04-11,09:12:09,20220411,91209
A,297,iHQ drama,M,2022-04-11 10:36:31,2022-04-11,10:36:31,20220411,103631
A,297,iHQ drama,M,2022-04-11 10:38:38,2022-04-11,10:38:38,20220411,103838
A,297,iHQ drama,M,2022-04-11 11:56:38,2022-04-11,11:56:38,20220411,115638
A,297,iHQ drama,M,2022-04-11 11:58:46,2022-04-11,11:58:46,20220411,115846
A,297,iHQ drama,M,2022-04-11 12:53:21,2022-04-11,12:53:21,20220411,125321
A,297,iHQ drama,M,2022-04-11 12:55:30,2022-04-11,12:55:30,20220411,125530
A,297,iHQ drama,M,2022-04-11 14:17:01,2022-04-11,14:17:01,20220411,141701
A,297,iHQ drama,M,2022-04-11 14:19:09,2022-04-11,14:19:09,20220411,141909
A,297,iHQ drama,M,2022-04-11 15:45:22,2022-04-11,15:45:22,20220411,154522
A,297,iHQ drama,M,2022-04-11 15:47:30,2022-04-11,15:47:30,20220411,154730
A,297,iHQ drama,M,2022-04-11 17:11:35,2022-04-11,17:11:35,20220411,171135
A,297,iHQ drama,M,2022-04-11 17:13:43,2022-04-11,17:13:43,20220411,171343
A,297,iHQ drama,M,2022-04-12 02:46:15,2022-04-12,02:46:15,20220412,24615
A,297,iHQ drama,M,2022-04-12 02:48:23,2022-04-12,02:48:23,20220412,24823
A,297,iHQ drama,M,2022-04-12 03:12:04,2022-04-12,03:12:04,20220412,31204
A,297,iHQ drama,M,2022-04-12 03:14:12,2022-04-12,03:14:12,20220412,31412
A,297,iHQ drama,M,2022-04-12 03:38:29,2022-04-12,03:38:29,20220412,33829
A,297,iHQ drama,M,2022-04-12 03:40:37,2022-04-12,03:40:37,20220412,34037
A,297,iHQ drama,M,2022-04-12 04:00:04,2022-04-12,04:00:04,20220412,40004
A,297,iHQ drama,M,2022-04-12 04:02:12,2022-04-12,04:02:12,20220412,40212
A,297,iHQ drama,M,2022-04-12 05:35:57,2022-04-12,05:35:57,20220412,53557
A,297,iHQ drama,M,2022-04-12 05:38:05,2022-04-12,05:38:05,20220412,53805
A,297,iHQ drama,M,2022-04-12 06:54:15,2022-04-12,06:54:15,20220412,65415
A,297,iHQ drama,M,2022-04-12 06:56:24,2022-04-12,06:56:24,20220412,65624
A,297,iHQ drama,M,2022-04-12 08:08:52,2022-04-12,08:08:52,20220412,80852
A,297,iHQ drama,M,2022-04-12 08:11:00,2022-04-12,08:11:00,20220412,81100
A,297,iHQ drama,M,2022-04-12 09:27:19,2022-04-12,09:27:19,20220412,92719
A,297,iHQ drama,M,2022-04-12 09:29:27,2022-04-12,09:29:27,20220412,92927
A,297,iHQ drama,M,2022-04-12 10:52:59,2022-04-12,10:52:59,20220412,105259
A,297,iHQ drama,M,2022-04-12 10:55:08,2022-04-12,10:55:08,20220412,105508
A,297,iHQ drama,M,2022-04-12 12:12:00,2022-04-12,12:12:00,20220412,121200
A,297,iHQ drama,M,2022-04-12 12:14:08,2022-04-12,12:14:08,20220412,121408
A,297,iHQ drama,M,2022-04-12 13:40:39,2022-04-12,13:40:39,20220412,134039
A,297,iHQ drama,M,2022-04-12 13:42:47,2022-04-12,13:42:47,20220412,134247
A,297,iHQ drama,M,2022-04-12 15:24:49,2022-04-12,15:24:49,20220412,152449
A,297,iHQ drama,M,2022-04-12 15:26:57,2022-04-12,15:26:57,20220412,152657
A,297,iHQ drama,M,2022-04-13 02:59:06,2022-04-13,02:59:06,20220413,25906
A,297,iHQ drama,M,2022-04-13 03:01:14,2022-04-13,03:01:14,20220413,30114
A,297,iHQ drama,M,2022-04-13 04:39:21,2022-04-13,04:39:21,20220413,43921
A,297,iHQ drama,M,2022-04-13 04:41:30,2022-04-13,04:41:30,20220413,44130
A,297,iHQ drama,M,2022-04-13 06:02:10,2022-04-13,06:02:10,20220413,60210
A,297,iHQ drama,M,2022-04-13 06:04:18,2022-04-13,06:04:18,20220413,60418
A,297,iHQ drama,M,2022-04-13 07:20:01,2022-04-13,07:20:01,20220413,72001
A,297,iHQ drama,M,2022-04-13 07:22:09,2022-04-13,07:22:09,20220413,72209
A,297,iHQ drama,M,2022-04-13 08:42:27,2022-04-13,08:42:27,20220413,84227
A,297,iHQ drama,M,2022-04-13 08:44:35,2022-04-13,08:44:35,20220413,84435
A,297,iHQ drama,M,2022-04-13 09:40:34,2022-04-13,09:40:34,20220413,94034
A,297,iHQ drama,M,2022-04-13 09:42:42,2022-04-13,09:42:42,20220413,94242
A,297,iHQ drama,M,2022-04-13 11:04:20,2022-04-13,11:04:20,20220413,110420
A,297,iHQ drama,M,2022-04-13 11:06:28,2022-04-13,11:06:28,20220413,110628
A,297,iHQ drama,M,2022-04-13 12:20:39,2022-04-13,12:20:39,20220413,122039
A,297,iHQ drama,M,2022-04-13 12:22:47,2022-04-13,12:22:47,20220413,122247
A,297,iHQ drama,M,2022-04-13 13:41:23,2022-04-13,13:41:23,20220413,134123
A,297,iHQ drama,M,2022-04-13 13:43:31,2022-04-13,13:43:31,20220413,134331
A,297,iHQ drama,M,2022-04-13 14:59:40,2022-04-13,14:59:40,20220413,145940
A,297,iHQ drama,M,2022-04-13 15:01:48,2022-04-13,15:01:48,20220413,150148
A,297,iHQ drama,M,2022-04-13 16:16:37,2022-04-13,16:16:37,20220413,161637
A,297,iHQ drama,M,2022-04-13 16:18:45,2022-04-13,16:18:45,20220413,161845
A,297,iHQ drama,M,2022-04-13 17:45:26,2022-04-13,17:45:26,20220413,174526
A,297,iHQ drama,M,2022-04-13 17:47:34,2022-04-13,17:47:34,20220413,174734
A,297,iHQ drama,M,2022-04-14 03:01:48,2022-04-14,03:01:48,20220414,30148
A,297,iHQ drama,M,2022-04-14 03:03:56,2022-04-14,03:03:56,20220414,30356
A,297,iHQ drama,M,2022-04-14 04:24:22,2022-04-14,04:24:22,20220414,42422
A,297,iHQ drama,M,2022-04-14 04:26:30,2022-04-14,04:26:30,20220414,42630
A,297,iHQ drama,M,2022-04-14 05:39:58,2022-04-14,05:39:58,20220414,53958
A,297,iHQ drama,M,2022-04-14 05:42:06,2022-04-14,05:42:06,20220414,54206
A,297,iHQ drama,M,2022-04-14 06:12:53,2022-04-14,06:12:53,20220414,61253
A,297,iHQ drama,M,2022-04-14 06:15:01,2022-04-14,06:15:01,20220414,61501
A,297,iHQ drama,M,2022-04-14 07:25:00,2022-04-14,07:25:00,20220414,72500
A,297,iHQ drama,M,2022-04-14 07:27:08,2022-04-14,07:27:08,20220414,72708
A,297,iHQ drama,M,2022-04-14 08:45:59,2022-04-14,08:45:59,20220414,84559
A,297,iHQ drama,M,2022-04-14 08:48:07,2022-04-14,08:48:07,20220414,84807
A,297,iHQ drama,M,2022-04-14 09:47:22,2022-04-14,09:47:22,20220414,94722
A,297,iHQ drama,M,2022-04-14 09:49:30,2022-04-14,09:49:30,20220414,94930
A,297,iHQ drama,M,2022-04-14 10:17:12,2022-04-14,10:17:12,20220414,101712
A,297,iHQ drama,M,2022-04-14 10:19:20,2022-04-14,10:19:20,20220414,101920
A,297,iHQ drama,M,2022-04-14 11:46:13,2022-04-14,11:46:13,20220414,114613
A,297,iHQ drama,M,2022-04-14 11:48:21,2022-04-14,11:48:21,20220414,114821
A,297,iHQ drama,M,2022-04-14 13:12:48,2022-04-14,13:12:48,20220414,131248
A,297,iHQ drama,M,2022-04-14 13:14:56,2022-04-14,13:14:56,20220414,131456
A,297,iHQ drama,M,2022-04-14 14:38:20,2022-04-14,14:38:20,20220414,143820
A,297,iHQ drama,M,2022-04-14 14:40:28,2022-04-14,14:40:28,20220414,144028
A,297,iHQ drama,M,2022-04-14 16:01:30,2022-04-14,16:01:30,20220414,160130
A,297,iHQ drama,M,2022-04-14 16:03:38,2022-04-14,16:03:38,20220414,160338
