삽입날짜,삽입시간,광고타입,큐톤ID,서비스ID,채널명,OTV 채널번호,OTS 채널번호,서버 타입,Time,Date
2021-10-21,02:58:45,A,300,702,SPOTV Golf&Health,63,109,M,25845,20211021
2021-10-21,03:00:50,A,300,702,SPOTV Golf&Health,63,109,M,30050,20211021
2021-10-23,03:05:08,A,300,702,SPOTV Golf&Health,63,109,M,30508,20211023
2021-10-23,03:07:13,A,300,702,SPOTV Golf&Health,63,109,M,30713,20211023
2021-10-24,03:09:27,A,300,702,SPOTV Golf&Health,63,109,M,30927,20211024
2021-10-24,03:11:31,A,300,702,SPOTV Golf&Health,63,109,M,31131,20211024
2021-10-25,02:49:32,A,300,702,SPOTV Golf&Health,63,109,M,24932,20211025
2021-10-25,02:51:37,A,300,702,SPOTV Golf&Health,63,109,M,25137,20211025
2021-10-25,05:50:03,A,300,702,SPOTV Golf&Health,63,109,M,55003,20211025
2021-10-25,05:52:08,A,300,702,SPOTV Golf&Health,63,109,M,55208,20211025
2021-10-25,07:51:32,A,300,702,SPOTV Golf&Health,63,109,M,75132,20211025
2021-10-25,07:53:37,A,300,702,SPOTV Golf&Health,63,109,M,75337,20211025
2021-10-25,10:47:35,A,300,702,SPOTV Golf&Health,63,109,M,104735,20211025
2021-10-25,10:49:40,A,300,702,SPOTV Golf&Health,63,109,M,104940,20211025
2021-10-26,03:01:04,A,300,702,SPOTV Golf&Health,63,109,M,30104,20211026
2021-10-26,03:03:09,A,300,702,SPOTV Golf&Health,63,109,M,30309,20211026
2021-10-26,06:01:34,A,300,702,SPOTV Golf&Health,63,109,M,60134,20211026
2021-10-26,06:03:39,A,300,702,SPOTV Golf&Health,63,109,M,60339,20211026
2021-10-26,07:54:17,A,300,702,SPOTV Golf&Health,63,109,M,75417,20211026
2021-10-26,07:56:22,A,300,702,SPOTV Golf&Health,63,109,M,75622,20211026
2021-10-26,10:49:40,A,300,702,SPOTV Golf&Health,63,109,M,104940,20211026
2021-10-26,10:51:45,A,300,702,SPOTV Golf&Health,63,109,M,105145,20211026
2021-10-26,16:52:25,A,300,702,SPOTV Golf&Health,63,109,M,165225,20211026
2021-10-26,16:54:30,A,300,702,SPOTV Golf&Health,63,109,M,165430,20211026
2021-10-26,19:12:10,A,300,702,SPOTV Golf&Health,63,109,M,191210,20211026
2021-10-26,19:14:16,A,300,702,SPOTV Golf&Health,63,109,M,191416,20211026
2021-10-27,03:08:04,A,300,702,SPOTV Golf&Health,63,109,M,30804,20211027
2021-10-27,03:10:09,A,300,702,SPOTV Golf&Health,63,109,M,31009,20211027
2021-10-27,06:10:26,A,300,702,SPOTV Golf&Health,63,109,M,61026,20211027
2021-10-27,06:12:31,A,300,702,SPOTV Golf&Health,63,109,M,61231,20211027
2021-10-28,03:03:27,A,300,702,SPOTV Golf&Health,63,109,M,30327,20211028
2021-10-28,03:05:31,A,300,702,SPOTV Golf&Health,63,109,M,30531,20211028
2021-10-28,05:50:11,A,300,702,SPOTV Golf&Health,63,109,M,55011,20211028
2021-10-28,05:50:13,A,300,702,SPOTV Golf&Health,63,109,M,55013,20211028
2021-10-28,05:52:16,A,300,702,SPOTV Golf&Health,63,109,M,55216,20211028
2021-10-28,05:52:18,A,300,702,SPOTV Golf&Health,63,109,M,55218,20211028
2021-10-28,07:52:29,A,300,702,SPOTV Golf&Health,63,109,M,75229,20211028
2021-10-28,07:52:31,A,300,702,SPOTV Golf&Health,63,109,M,75231,20211028
2021-10-28,07:54:34,A,300,702,SPOTV Golf&Health,63,109,M,75434,20211028
2021-10-28,07:54:36,A,300,702,SPOTV Golf&Health,63,109,M,75436,20211028
2021-10-28,13:03:39,A,300,702,SPOTV Golf&Health,63,109,M,130339,20211028
2021-10-28,13:05:44,A,300,702,SPOTV Golf&Health,63,109,M,130544,20211028
2021-10-28,13:05:46,A,300,702,SPOTV Golf&Health,63,109,M,130546,20211028
2021-10-28,15:58:58,A,300,702,SPOTV Golf&Health,63,109,M,155858,20211028
2021-10-28,15:59:00,A,300,702,SPOTV Golf&Health,63,109,M,155900,20211028
2021-10-28,16:01:03,A,300,702,SPOTV Golf&Health,63,109,M,160103,20211028
2021-10-28,16:01:05,A,300,702,SPOTV Golf&Health,63,109,M,160105,20211028
2021-10-28,20:58:27,A,300,702,SPOTV Golf&Health,63,109,M,205827,20211028
2021-10-28,20:58:29,A,300,702,SPOTV Golf&Health,63,109,M,205829,20211028
2021-10-28,21:00:33,A,300,702,SPOTV Golf&Health,63,109,M,210033,20211028
2021-10-28,21:00:35,A,300,702,SPOTV Golf&Health,63,109,M,210035,20211028
2021-10-29,03:06:22,A,300,702,SPOTV Golf&Health,63,109,M,30622,20211029
2021-10-29,03:06:24,A,300,702,SPOTV Golf&Health,63,109,M,30624,20211029
2021-10-29,03:08:27,A,300,702,SPOTV Golf&Health,63,109,M,30827,20211029
2021-10-29,03:08:29,A,300,702,SPOTV Golf&Health,63,109,M,30829,20211029
2021-10-29,05:55:49,A,300,702,SPOTV Golf&Health,63,109,M,55549,20211029
2021-10-29,05:55:51,A,300,702,SPOTV Golf&Health,63,109,M,55551,20211029
2021-10-29,05:57:54,A,300,702,SPOTV Golf&Health,63,109,M,55754,20211029
2021-10-29,05:57:56,A,300,702,SPOTV Golf&Health,63,109,M,55756,20211029
2021-10-29,07:59:47,A,300,702,SPOTV Golf&Health,63,109,M,75947,20211029
2021-10-29,07:59:49,A,300,702,SPOTV Golf&Health,63,109,M,75949,20211029
2021-10-29,08:01:46,A,300,702,SPOTV Golf&Health,63,109,M,80146,20211029
2021-10-29,08:01:48,A,300,702,SPOTV Golf&Health,63,109,M,80148,20211029
2021-10-29,12:59:20,A,300,702,SPOTV Golf&Health,63,109,M,125920,20211029
2021-10-29,13:01:25,A,300,702,SPOTV Golf&Health,63,109,M,130125,20211029
2021-10-29,15:54:38,A,300,702,SPOTV Golf&Health,63,109,M,155438,20211029
2021-10-29,15:56:43,A,300,702,SPOTV Golf&Health,63,109,M,155643,20211029
2021-10-29,20:47:17,A,300,702,SPOTV Golf&Health,63,109,M,204717,20211029
2021-10-29,20:49:22,A,300,702,SPOTV Golf&Health,63,109,M,204922,20211029
2021-10-30,03:11:20,A,300,702,SPOTV Golf&Health,63,109,M,31120,20211030
2021-10-30,03:13:25,A,300,702,SPOTV Golf&Health,63,109,M,31325,20211030
2021-10-30,06:06:39,A,300,702,SPOTV Golf&Health,63,109,M,60639,20211030
2021-10-30,06:08:44,A,300,702,SPOTV Golf&Health,63,109,M,60844,20211030
2021-10-30,08:03:18,A,300,702,SPOTV Golf&Health,63,109,M,80318,20211030
2021-10-30,08:05:23,A,300,702,SPOTV Golf&Health,63,109,M,80523,20211030
2021-10-30,19:51:46,A,300,702,SPOTV Golf&Health,63,109,M,195146,20211030
2021-10-30,19:53:51,A,300,702,SPOTV Golf&Health,63,109,M,195351,20211030
2021-10-30,23:50:33,A,300,702,SPOTV Golf&Health,63,109,M,235033,20211030
2021-10-30,23:52:38,A,300,702,SPOTV Golf&Health,63,109,M,235238,20211030
2021-10-31,02:51:58,A,300,702,SPOTV Golf&Health,63,109,M,25158,20211031
2021-10-31,02:54:02,A,300,702,SPOTV Golf&Health,63,109,M,25402,20211031
2021-10-31,07:49:23,A,300,702,SPOTV Golf&Health,63,109,M,74923,20211031
2021-10-31,07:51:28,A,300,702,SPOTV Golf&Health,63,109,M,75128,20211031
2021-10-31,23:38:52,A,300,702,SPOTV Golf&Health,63,109,M,233852,20211031
2021-10-31,23:40:57,A,300,702,SPOTV Golf&Health,63,109,M,234057,20211031
2021-11-01,02:57:52,A,300,702,SPOTV Golf&Health,63,109,M,25752,20211101
2021-11-01,02:59:57,A,300,702,SPOTV Golf&Health,63,109,M,25957,20211101
2021-11-01,05:10:36,A,300,702,SPOTV Golf&Health,63,109,M,51036,20211101
2021-11-01,05:12:40,A,300,702,SPOTV Golf&Health,63,109,M,51240,20211101
2021-11-01,11:03:42,A,300,702,SPOTV Golf&Health,63,109,M,110342,20211101
2021-11-01,11:05:46,A,300,702,SPOTV Golf&Health,63,109,M,110546,20211101
2021-11-01,13:02:39,A,300,702,SPOTV Golf&Health,63,109,M,130239,20211101
2021-11-01,13:04:44,A,300,702,SPOTV Golf&Health,63,109,M,130444,20211101
2021-11-01,19:41:40,A,300,702,SPOTV Golf&Health,63,109,M,194140,20211101
2021-11-01,19:43:45,A,300,702,SPOTV Golf&Health,63,109,M,194345,20211101
2021-11-01,21:53:22,A,300,702,SPOTV Golf&Health,63,109,M,215322,20211101
2021-11-01,21:55:27,A,300,702,SPOTV Golf&Health,63,109,M,215527,20211101
2021-11-02,01:03:58,A,300,702,SPOTV Golf&Health,63,109,M,10358,20211102
2021-11-02,01:06:03,A,300,702,SPOTV Golf&Health,63,109,M,10603,20211102
2021-11-02,05:06:12,A,300,702,SPOTV Golf&Health,63,109,M,50612,20211102
2021-11-02,05:08:17,A,300,702,SPOTV Golf&Health,63,109,M,50817,20211102
2021-11-02,07:44:41,A,300,702,SPOTV Golf&Health,63,109,M,74441,20211102
2021-11-02,07:46:45,A,300,702,SPOTV Golf&Health,63,109,M,74645,20211102
2021-11-03,03:08:17,A,300,702,SPOTV Golf&Health,63,109,M,30817,20211103
2021-11-03,03:10:22,A,300,702,SPOTV Golf&Health,63,109,M,31022,20211103
2021-11-03,04:59:59,A,300,702,SPOTV Golf&Health,63,109,M,45959,20211103
2021-11-03,05:02:04,A,300,702,SPOTV Golf&Health,63,109,M,50204,20211103
2021-11-03,08:04:21,A,300,702,SPOTV Golf&Health,63,109,M,80421,20211103
2021-11-03,08:06:26,A,300,702,SPOTV Golf&Health,63,109,M,80626,20211103
2021-11-03,11:11:10,A,300,702,SPOTV Golf&Health,63,109,M,111110,20211103
2021-11-03,11:13:15,A,300,702,SPOTV Golf&Health,63,109,M,111315,20211103
2021-11-04,00:56:58,A,300,702,SPOTV Golf&Health,63,109,M,5658,20211104
2021-11-04,00:59:03,A,300,702,SPOTV Golf&Health,63,109,M,5903,20211104
2021-11-04,02:57:00,A,300,702,SPOTV Golf&Health,63,109,M,25700,20211104
2021-11-04,02:59:05,A,300,702,SPOTV Golf&Health,63,109,M,25905,20211104
2021-11-04,05:06:44,A,300,702,SPOTV Golf&Health,63,109,M,50644,20211104
2021-11-04,05:08:49,A,300,702,SPOTV Golf&Health,63,109,M,50849,20211104
2021-11-05,06:14:45,A,300,702,SPOTV Golf&Health,63,109,M,61445,20211105
2021-11-05,06:16:50,A,300,702,SPOTV Golf&Health,63,109,M,61650,20211105
2021-11-05,08:21:11,A,300,702,SPOTV Golf&Health,63,109,M,82111,20211105
2021-11-05,08:23:16,A,300,702,SPOTV Golf&Health,63,109,M,82316,20211105
2021-11-06,02:08:48,A,300,702,SPOTV Golf&Health,63,109,M,20848,20211106
2021-11-06,02:10:53,A,300,702,SPOTV Golf&Health,63,109,M,21053,20211106
2021-11-06,08:04:12,A,300,702,SPOTV Golf&Health,63,109,M,80412,20211106
2021-11-06,08:06:17,A,300,702,SPOTV Golf&Health,63,109,M,80617,20211106
2021-11-07,08:11:46,A,300,702,SPOTV Golf&Health,63,109,M,81146,20211107
2021-11-07,08:13:51,A,300,702,SPOTV Golf&Health,63,109,M,81351,20211107
2021-11-08,01:24:16,A,300,702,SPOTV Golf&Health,63,109,M,12416,20211108
2021-11-08,01:26:21,A,300,702,SPOTV Golf&Health,63,109,M,12621,20211108
2021-11-08,07:47:11,A,300,702,SPOTV Golf&Health,63,109,M,74711,20211108
2021-11-08,07:49:16,A,300,702,SPOTV Golf&Health,63,109,M,74916,20211108
2021-11-09,08:55:02,A,300,702,SPOTV Golf&Health,63,109,M,85502,20211109
2021-11-09,08:57:07,A,300,702,SPOTV Golf&Health,63,109,M,85707,20211109
2021-11-09,13:05:13,A,300,702,SPOTV Golf&Health,63,109,M,130513,20211109
2021-11-09,13:07:18,A,300,702,SPOTV Golf&Health,63,109,M,130718,20211109
2021-11-10,06:47:57,A,300,702,SPOTV Golf&Health,63,109,M,64757,20211110
2021-11-10,06:50:02,A,300,702,SPOTV Golf&Health,63,109,M,65002,20211110
2021-11-10,07:43:57,A,300,702,SPOTV Golf&Health,63,109,M,74357,20211110
2021-11-10,07:46:02,A,300,702,SPOTV Golf&Health,63,109,M,74602,20211110
2021-11-10,12:55:40,A,300,702,SPOTV Golf&Health,63,109,M,125540,20211110
2021-11-10,12:57:45,A,300,702,SPOTV Golf&Health,63,109,M,125745,20211110
2021-11-11,01:00:25,A,300,702,SPOTV Golf&Health,63,109,M,10025,20211111
2021-11-11,01:02:30,A,300,702,SPOTV Golf&Health,63,109,M,10230,20211111
2021-11-11,06:45:52,A,300,702,SPOTV Golf&Health,63,109,M,64552,20211111
2021-11-11,06:47:57,A,300,702,SPOTV Golf&Health,63,109,M,64757,20211111
2021-11-12,06:33:59,A,300,702,SPOTV Golf&Health,63,109,M,63359,20211112
2021-11-12,06:36:04,A,300,702,SPOTV Golf&Health,63,109,M,63604,20211112
2021-11-12,07:54:49,A,300,702,SPOTV Golf&Health,63,109,M,75449,20211112
2021-11-12,07:56:52,A,300,702,SPOTV Golf&Health,63,109,M,75652,20211112
2021-11-13,01:20:08,A,300,702,SPOTV Golf&Health,63,109,M,12008,20211113
2021-11-13,01:22:14,A,300,702,SPOTV Golf&Health,63,109,M,12214,20211113
2021-11-13,03:14:57,A,300,702,SPOTV Golf&Health,63,109,M,31457,20211113
2021-11-13,03:17:02,A,300,702,SPOTV Golf&Health,63,109,M,31702,20211113
2021-11-13,07:58:30,A,300,702,SPOTV Golf&Health,63,109,M,75830,20211113
2021-11-13,08:00:35,A,300,702,SPOTV Golf&Health,63,109,M,80035,20211113
2021-11-14,07:56:18,A,300,702,SPOTV Golf&Health,63,109,M,75618,20211114
2021-11-14,07:58:23,A,300,702,SPOTV Golf&Health,63,109,M,75823,20211114
2021-11-14,23:47:49,A,300,702,SPOTV Golf&Health,63,109,M,234749,20211114
2021-11-14,23:49:54,A,300,702,SPOTV Golf&Health,63,109,M,234954,20211114
2021-11-15,02:55:44,A,300,702,SPOTV Golf&Health,63,109,M,25544,20211115
2021-11-15,02:57:49,A,300,702,SPOTV Golf&Health,63,109,M,25749,20211115
2021-11-16,00:00:19,A,300,702,SPOTV Golf&Health,63,109,M,19,20211116
2021-11-16,00:02:24,A,300,702,SPOTV Golf&Health,63,109,M,224,20211116
2021-11-16,02:46:33,A,300,702,SPOTV Golf&Health,63,109,M,24633,20211116
2021-11-16,02:48:38,A,300,702,SPOTV Golf&Health,63,109,M,24838,20211116
2021-11-17,10:06:27,A,300,702,SPOTV Golf&Health,63,109,M,100627,20211117
2021-11-17,10:08:32,A,300,702,SPOTV Golf&Health,63,109,M,100832,20211117
2021-11-17,11:53:16,A,300,702,SPOTV Golf&Health,63,109,M,115316,20211117
2021-11-17,11:55:20,A,300,702,SPOTV Golf&Health,63,109,M,115520,20211117
2021-11-17,23:49:42,A,300,702,SPOTV Golf&Health,63,109,M,234942,20211117
2021-11-17,23:51:47,A,300,702,SPOTV Golf&Health,63,109,M,235147,20211117
2021-11-18,01:47:19,A,300,702,SPOTV Golf&Health,63,109,M,14719,20211118
2021-11-18,01:49:24,A,300,702,SPOTV Golf&Health,63,109,M,14924,20211118
2021-11-18,04:50:28,A,300,702,SPOTV Golf&Health,63,109,M,45028,20211118
2021-11-18,04:52:33,A,300,702,SPOTV Golf&Health,63,109,M,45233,20211118
2021-11-18,22:52:56,A,300,702,SPOTV Golf&Health,63,109,M,225256,20211118
2021-11-18,22:55:03,A,300,702,SPOTV Golf&Health,63,109,M,225503,20211118
2021-11-19,02:58:04,A,300,702,SPOTV Golf&Health,63,109,M,25804,20211119
2021-11-19,03:00:08,A,300,702,SPOTV Golf&Health,63,109,M,30008,20211119
2021-11-19,07:01:00,A,300,702,SPOTV Golf&Health,63,109,M,70100,20211119
2021-11-19,07:03:05,A,300,702,SPOTV Golf&Health,63,109,M,70305,20211119
2021-11-22,09:52:27,A,300,702,SPOTV Golf&Health,63,109,M,95227,20211122
2021-11-22,09:54:32,A,300,702,SPOTV Golf&Health,63,109,M,95432,20211122
2021-11-23,08:00:44,A,300,702,SPOTV Golf&Health,63,109,M,80044,20211123
2021-11-23,08:02:49,A,300,702,SPOTV Golf&Health,63,109,M,80249,20211123
2021-11-24,02:01:53,A,300,702,SPOTV Golf&Health,63,109,M,20153,20211124
2021-11-24,02:03:59,A,300,702,SPOTV Golf&Health,63,109,M,20359,20211124
2021-11-24,02:56:49,A,300,702,SPOTV Golf&Health,63,109,M,25649,20211124
2021-11-24,02:58:53,A,300,702,SPOTV Golf&Health,63,109,M,25853,20211124
2021-11-24,07:57:28,A,300,702,SPOTV Golf&Health,63,109,M,75728,20211124
2021-11-24,07:59:32,A,300,702,SPOTV Golf&Health,63,109,M,75932,20211124
2021-11-24,09:52:52,A,300,702,SPOTV Golf&Health,63,109,M,95252,20211124
2021-11-24,09:54:57,A,300,702,SPOTV Golf&Health,63,109,M,95457,20211124
2021-11-26,04:31:48,A,300,702,SPOTV Golf&Health,63,109,M,43148,20211126
2021-11-26,04:33:53,A,300,702,SPOTV Golf&Health,63,109,M,43353,20211126
2021-11-27,03:07:15,A,300,702,SPOTV Golf&Health,63,109,M,30715,20211127
2021-11-27,03:09:20,A,300,702,SPOTV Golf&Health,63,109,M,30920,20211127
2021-11-27,08:10:13,A,300,702,SPOTV Golf&Health,63,109,M,81013,20211127
2021-11-27,08:12:18,A,300,702,SPOTV Golf&Health,63,109,M,81218,20211127
2021-11-28,02:42:34,A,300,702,SPOTV Golf&Health,63,109,M,24234,20211128
2021-11-28,02:44:39,A,300,702,SPOTV Golf&Health,63,109,M,24439,20211128
2021-11-29,02:55:29,A,300,702,SPOTV Golf&Health,63,109,M,25529,20211129
2021-11-29,02:57:34,A,300,702,SPOTV Golf&Health,63,109,M,25734,20211129
2021-11-29,07:56:57,A,300,702,SPOTV Golf&Health,63,109,M,75657,20211129
2021-11-29,07:59:02,A,300,702,SPOTV Golf&Health,63,109,M,75902,20211129
2021-11-30,00:12:48,A,300,702,SPOTV Golf&Health,63,109,M,1248,20211130
2021-11-30,00:14:53,A,300,702,SPOTV Golf&Health,63,109,M,1453,20211130
2021-11-30,03:05:08,A,300,702,SPOTV Golf&Health,63,109,M,30508,20211130
2021-11-30,03:07:13,A,300,702,SPOTV Golf&Health,63,109,M,30713,20211130
2021-12-01,02:49:11,A,300,702,SPOTV Golf&Health,63,109,M,24911,20211201
2021-12-01,02:51:17,A,300,702,SPOTV Golf&Health,63,109,M,25117,20211201
2021-12-03,03:09:59,A,300,702,SPOTV Golf&Health,63,109,M,30959,20211203
2021-12-03,03:12:04,A,300,702,SPOTV Golf&Health,63,109,M,31204,20211203
2021-12-03,05:35:22,A,300,702,SPOTV Golf&Health,63,109,M,53522,20211203
2021-12-03,05:37:27,A,300,702,SPOTV Golf&Health,63,109,M,53727,20211203
2021-12-04,03:11:03,A,300,702,SPOTV Golf&Health,63,109,M,31103,20211204
2021-12-04,03:13:08,A,300,702,SPOTV Golf&Health,63,109,M,31308,20211204
2021-12-08,00:40:46,A,300,702,SPOTV Golf&Health,63,109,M,4046,20211208
2021-12-08,00:42:51,A,300,702,SPOTV Golf&Health,63,109,M,4251,20211208
2021-12-08,10:03:30,A,300,702,SPOTV Golf&Health,63,109,M,100330,20211208
2021-12-08,10:05:35,A,300,702,SPOTV Golf&Health,63,109,M,100535,20211208
2021-12-10,00:59:41,A,300,702,SPOTV Golf&Health,63,109,M,5941,20211210
2021-12-10,01:01:46,A,300,702,SPOTV Golf&Health,63,109,M,10146,20211210
2021-12-10,03:06:19,A,300,702,SPOTV Golf&Health,63,109,M,30619,20211210
2021-12-10,03:08:24,A,300,702,SPOTV Golf&Health,63,109,M,30824,20211210
2021-12-11,03:01:56,A,300,702,SPOTV Golf&Health,63,109,M,30156,20211211
2021-12-11,03:04:01,A,300,702,SPOTV Golf&Health,63,109,M,30401,20211211
2021-12-12,03:08:12,A,300,702,SPOTV Golf&Health,63,109,M,30812,20211212
2021-12-12,03:10:18,A,300,702,SPOTV Golf&Health,63,109,M,31018,20211212
2021-12-14,00:51:03,A,300,702,SPOTV Golf&Health,63,109,M,5103,20211214
2021-12-14,00:53:08,A,300,702,SPOTV Golf&Health,63,109,M,5308,20211214
2021-12-14,08:04:32,A,300,702,SPOTV Golf&Health,63,109,M,80432,20211214
2021-12-14,08:06:37,A,300,702,SPOTV Golf&Health,63,109,M,80637,20211214
2021-12-15,07:55:21,A,300,702,SPOTV Golf&Health,63,109,M,75521,20211215
2021-12-15,07:57:26,A,300,702,SPOTV Golf&Health,63,109,M,75726,20211215
2021-12-16,06:46:27,A,300,702,SPOTV Golf&Health,63,109,M,64627,20211216
2021-12-16,06:48:32,A,300,702,SPOTV Golf&Health,63,109,M,64832,20211216
2021-12-17,04:58:23,A,300,702,SPOTV Golf&Health,63,109,M,45823,20211217
2021-12-17,05:00:27,A,300,702,SPOTV Golf&Health,63,109,M,50027,20211217
2021-12-18,03:01:15,A,300,702,SPOTV Golf&Health,63,109,M,30115,20211218
2021-12-18,03:03:20,A,300,702,SPOTV Golf&Health,63,109,M,30320,20211218
2021-12-19,03:03:17,A,300,702,SPOTV Golf&Health,63,109,M,30317,20211219
2021-12-19,03:05:22,A,300,702,SPOTV Golf&Health,63,109,M,30522,20211219
2021-12-20,00:40:58,A,300,702,SPOTV Golf&Health,63,109,M,4058,20211220
2021-12-20,00:43:03,A,300,702,SPOTV Golf&Health,63,109,M,4303,20211220
2021-12-20,02:52:48,A,300,702,SPOTV Golf&Health,63,109,M,25248,20211220
2021-12-20,02:54:53,A,300,702,SPOTV Golf&Health,63,109,M,25453,20211220
2021-12-21,03:07:59,A,300,702,SPOTV Golf&Health,63,109,M,30759,20211221
2021-12-21,03:10:04,A,300,702,SPOTV Golf&Health,63,109,M,31004,20211221
2021-12-22,03:01:00,A,300,702,SPOTV Golf&Health,63,109,M,30100,20211222
2021-12-22,03:03:05,A,300,702,SPOTV Golf&Health,63,109,M,30305,20211222
2021-12-23,03:07:21,A,300,702,SPOTV Golf&Health,63,109,M,30721,20211223
2021-12-23,03:09:25,A,300,702,SPOTV Golf&Health,63,109,M,30925,20211223
2021-12-25,00:07:17,A,300,702,SPOTV Golf&Health,63,109,M,717,20211225
2021-12-25,00:09:22,A,300,702,SPOTV Golf&Health,63,109,M,922,20211225
2021-12-25,06:01:51,A,300,702,SPOTV Golf&Health,63,109,M,60151,20211225
2021-12-25,06:03:57,A,300,702,SPOTV Golf&Health,63,109,M,60357,20211225
2021-12-26,11:08:32,A,300,702,SPOTV Golf&Health,63,109,M,110832,20211226
2021-12-26,11:10:37,A,300,702,SPOTV Golf&Health,63,109,M,111037,20211226
2021-12-27,02:57:13,A,300,702,SPOTV Golf&Health,63,109,M,25713,20211227
2021-12-27,02:59:18,A,300,702,SPOTV Golf&Health,63,109,M,25918,20211227
2021-12-28,03:01:49,A,300,702,SPOTV Golf&Health,63,109,M,30149,20211228
2021-12-28,03:03:54,A,300,702,SPOTV Golf&Health,63,109,M,30354,20211228
2021-12-29,03:11:26,A,300,702,SPOTV Golf&Health,63,109,M,31126,20211229
2021-12-29,03:13:31,A,300,702,SPOTV Golf&Health,63,109,M,31331,20211229
2021-12-30,03:01:07,A,300,702,SPOTV Golf&Health,63,109,M,30107,20211230
2021-12-30,03:03:12,A,300,702,SPOTV Golf&Health,63,109,M,30312,20211230
2021-12-31,03:01:10,A,300,702,SPOTV Golf&Health,63,109,M,30110,20211231
2021-12-31,03:03:15,A,300,702,SPOTV Golf&Health,63,109,M,30315,20211231
2022-01-04,03:09:18,A,300,702,SPOTV Golf&Health,63,109,M,30918,20220104
2022-01-04,03:11:23,A,300,702,SPOTV Golf&Health,63,109,M,31123,20220104
2022-01-04,05:52:51,A,300,702,SPOTV Golf&Health,63,109,M,55251,20220104
2022-01-04,05:54:56,A,300,702,SPOTV Golf&Health,63,109,M,55456,20220104
2022-01-05,02:43:26,A,300,702,SPOTV Golf&Health,63,109,M,24326,20220105
2022-01-05,02:45:31,A,300,702,SPOTV Golf&Health,63,109,M,24531,20220105
2022-01-05,05:53:47,A,300,702,SPOTV Golf&Health,63,109,M,55347,20220105
2022-01-05,05:55:52,A,300,702,SPOTV Golf&Health,63,109,M,55552,20220105
2022-01-06,03:09:40,A,300,702,SPOTV Golf&Health,63,109,M,30940,20220106
2022-01-06,03:11:45,A,300,702,SPOTV Golf&Health,63,109,M,31145,20220106
2022-01-06,06:07:34,A,300,702,SPOTV Golf&Health,63,109,M,60734,20220106
2022-01-06,06:09:39,A,300,702,SPOTV Golf&Health,63,109,M,60939,20220106
2022-01-07,03:05:46,A,300,702,SPOTV Golf&Health,63,109,M,30546,20220107
2022-01-07,03:07:51,A,300,702,SPOTV Golf&Health,63,109,M,30751,20220107
2022-01-08,03:11:03,A,300,702,SPOTV Golf&Health,63,109,M,31103,20220108
2022-01-08,03:13:08,A,300,702,SPOTV Golf&Health,63,109,M,31308,20220108
2022-01-08,06:16:25,A,300,702,SPOTV Golf&Health,63,109,M,61625,20220108
2022-01-08,06:18:30,A,300,702,SPOTV Golf&Health,63,109,M,61830,20220108
2022-01-09,02:59:03,A,300,702,SPOTV Golf&Health,63,109,M,25903,20220109
2022-01-09,03:01:08,A,300,702,SPOTV Golf&Health,63,109,M,30108,20220109
2022-01-09,05:46:45,A,300,702,SPOTV Golf&Health,63,109,M,54645,20220109
2022-01-09,05:48:50,A,300,702,SPOTV Golf&Health,63,109,M,54850,20220109
2022-01-10,07:06:15,A,300,702,SPOTV Golf&Health,63,109,M,70615,20220110
2022-01-10,07:08:20,A,300,702,SPOTV Golf&Health,63,109,M,70820,20220110
2022-01-11,07:00:29,A,300,702,SPOTV Golf&Health,63,109,M,70029,20220111
2022-01-11,07:02:34,A,300,702,SPOTV Golf&Health,63,109,M,70234,20220111
2022-01-12,03:04:47,A,300,702,SPOTV Golf&Health,63,109,M,30447,20220112
2022-01-12,03:06:52,A,300,702,SPOTV Golf&Health,63,109,M,30652,20220112
2022-01-12,05:12:54,A,300,702,SPOTV Golf&Health,63,109,M,51254,20220112
2022-01-12,05:14:58,A,300,702,SPOTV Golf&Health,63,109,M,51458,20220112
2022-01-12,06:54:30,A,300,702,SPOTV Golf&Health,63,109,M,65430,20220112
2022-01-12,06:56:35,A,300,702,SPOTV Golf&Health,63,109,M,65635,20220112
2022-01-12,09:58:58,A,300,702,SPOTV Golf&Health,63,109,M,95858,20220112
2022-01-12,10:01:04,A,300,702,SPOTV Golf&Health,63,109,M,100104,20220112
2022-01-13,03:05:09,A,300,702,SPOTV Golf&Health,63,109,M,30509,20220113
2022-01-13,03:07:15,A,300,702,SPOTV Golf&Health,63,109,M,30715,20220113
2022-01-13,04:49:15,A,300,702,SPOTV Golf&Health,63,109,M,44915,20220113
2022-01-13,04:51:20,A,300,702,SPOTV Golf&Health,63,109,M,45120,20220113
2022-01-13,07:01:00,A,300,702,SPOTV Golf&Health,63,109,M,70100,20220113
2022-01-13,07:03:06,A,300,702,SPOTV Golf&Health,63,109,M,70306,20220113
2022-01-14,05:05:10,A,300,702,SPOTV Golf&Health,63,109,M,50510,20220114
2022-01-14,05:07:15,A,300,702,SPOTV Golf&Health,63,109,M,50715,20220114
2022-01-15,05:01:53,A,300,702,SPOTV Golf&Health,63,109,M,50153,20220115
2022-01-15,05:03:58,A,300,702,SPOTV Golf&Health,63,109,M,50358,20220115
2022-01-15,08:49:04,A,300,702,SPOTV Golf&Health,63,109,M,84904,20220115
2022-01-15,08:51:09,A,300,702,SPOTV Golf&Health,63,109,M,85109,20220115
2022-01-16,05:00:18,A,300,702,SPOTV Golf&Health,63,109,M,50018,20220116
2022-01-16,05:02:23,A,300,702,SPOTV Golf&Health,63,109,M,50223,20220116
2022-01-16,08:46:09,A,300,702,SPOTV Golf&Health,63,109,M,84609,20220116
2022-01-16,08:48:14,A,300,702,SPOTV Golf&Health,63,109,M,84814,20220116
2022-01-17,05:02:38,A,300,702,SPOTV Golf&Health,63,109,M,50238,20220117
2022-01-17,05:04:43,A,300,702,SPOTV Golf&Health,63,109,M,50443,20220117
2022-01-18,05:09:57,A,300,702,SPOTV Golf&Health,63,109,M,50957,20220118
2022-01-18,05:12:02,A,300,702,SPOTV Golf&Health,63,109,M,51202,20220118
2022-01-19,04:46:53,A,300,702,SPOTV Golf&Health,63,109,M,44653,20220119
2022-01-19,04:48:58,A,300,702,SPOTV Golf&Health,63,109,M,44858,20220119
2022-01-20,04:54:42,A,300,702,SPOTV Golf&Health,63,109,M,45442,20220120
2022-01-20,04:56:47,A,300,702,SPOTV Golf&Health,63,109,M,45647,20220120
2022-01-21,03:13:33,A,300,702,SPOTV Golf&Health,63,109,M,31333,20220121
2022-01-21,03:15:38,A,300,702,SPOTV Golf&Health,63,109,M,31538,20220121
2022-01-22,03:12:19,A,300,702,SPOTV Golf&Health,63,109,M,31219,20220122
2022-01-22,03:14:24,A,300,702,SPOTV Golf&Health,63,109,M,31424,20220122
2022-01-23,02:54:35,A,300,702,SPOTV Golf&Health,63,109,M,25435,20220123
2022-01-23,02:56:40,A,300,702,SPOTV Golf&Health,63,109,M,25640,20220123
2022-01-24,03:04:46,A,300,702,SPOTV Golf&Health,63,109,M,30446,20220124
2022-01-24,03:06:52,A,300,702,SPOTV Golf&Health,63,109,M,30652,20220124
2022-01-25,03:03:05,A,300,702,SPOTV Golf&Health,63,109,M,30305,20220125
2022-01-25,03:05:11,A,300,702,SPOTV Golf&Health,63,109,M,30511,20220125
2022-01-25,11:51:43,A,300,702,SPOTV Golf&Health,63,109,M,115143,20220125
2022-01-25,11:53:48,A,300,702,SPOTV Golf&Health,63,109,M,115348,20220125
2022-01-26,03:01:47,A,300,702,SPOTV Golf&Health,63,109,M,30147,20220126
2022-01-26,03:03:52,A,300,702,SPOTV Golf&Health,63,109,M,30352,20220126
2022-01-28,03:08:34,A,300,702,SPOTV Golf&Health,63,109,M,30834,20220128
2022-01-28,03:10:39,A,300,702,SPOTV Golf&Health,63,109,M,31039,20220128
2022-01-28,07:02:18,A,300,702,SPOTV Golf&Health,63,109,M,70218,20220128
2022-01-28,07:04:23,A,300,702,SPOTV Golf&Health,63,109,M,70423,20220128
2022-01-29,03:05:29,A,300,702,SPOTV Golf&Health,63,109,M,30529,20220129
2022-01-29,03:07:34,A,300,702,SPOTV Golf&Health,63,109,M,30734,20220129
2022-01-30,03:04:53,A,300,702,SPOTV Golf&Health,63,109,M,30453,20220130
2022-01-30,03:06:58,A,300,702,SPOTV Golf&Health,63,109,M,30658,20220130
2022-01-31,05:10:07,A,300,702,SPOTV Golf&Health,63,109,M,51007,20220131
2022-01-31,05:12:11,A,300,702,SPOTV Golf&Health,63,109,M,51211,20220131
2022-01-31,08:00:49,A,300,702,SPOTV Golf&Health,63,109,M,80049,20220131
2022-01-31,08:02:54,A,300,702,SPOTV Golf&Health,63,109,M,80254,20220131
2022-02-01,03:05:12,A,300,702,SPOTV Golf&Health,63,109,M,30512,20220201
2022-02-01,03:07:18,A,300,702,SPOTV Golf&Health,63,109,M,30718,20220201
2022-02-02,02:59:40,A,300,702,SPOTV Golf&Health,63,109,M,25940,20220202
2022-02-02,03:01:46,A,300,702,SPOTV Golf&Health,63,109,M,30146,20220202
2022-02-03,04:58:25,A,300,702,SPOTV Golf&Health,63,109,M,45825,20220203
2022-02-03,05:00:30,A,300,702,SPOTV Golf&Health,63,109,M,50030,20220203
2022-02-04,10:48:01,A,300,702,SPOTV Golf&Health,63,109,M,104801,20220204
2022-02-04,10:50:06,A,300,702,SPOTV Golf&Health,63,109,M,105006,20220204
2022-02-05,09:49:51,A,300,702,SPOTV Golf&Health,63,109,M,94951,20220205
2022-02-05,09:51:56,A,300,702,SPOTV Golf&Health,63,109,M,95156,20220205
2022-02-06,03:33:44,A,300,702,SPOTV Golf&Health,63,109,M,33344,20220206
2022-02-06,03:35:49,A,300,702,SPOTV Golf&Health,63,109,M,33549,20220206
2022-02-07,03:09:41,A,300,702,SPOTV Golf&Health,63,109,M,30941,20220207
2022-02-07,03:11:46,A,300,702,SPOTV Golf&Health,63,109,M,31146,20220207
2022-02-07,05:58:10,A,300,702,SPOTV Golf&Health,63,109,M,55810,20220207
2022-02-07,06:00:15,A,300,702,SPOTV Golf&Health,63,109,M,60015,20220207
2022-02-07,07:56:53,A,300,702,SPOTV Golf&Health,63,109,M,75653,20220207
2022-02-07,07:58:58,A,300,702,SPOTV Golf&Health,63,109,M,75858,20220207
2022-02-07,08:55:08,A,300,702,SPOTV Golf&Health,63,109,M,85508,20220207
2022-02-07,08:57:13,A,300,702,SPOTV Golf&Health,63,109,M,85713,20220207
2022-02-08,02:56:44,A,300,702,SPOTV Golf&Health,63,109,M,25644,20220208
2022-02-08,02:58:49,A,300,702,SPOTV Golf&Health,63,109,M,25849,20220208
2022-02-09,03:00:48,A,300,702,SPOTV Golf&Health,63,109,M,30048,20220209
2022-02-09,03:02:53,A,300,702,SPOTV Golf&Health,63,109,M,30253,20220209
2022-02-09,05:56:23,A,300,702,SPOTV Golf&Health,63,109,M,55623,20220209
2022-02-09,05:58:28,A,300,702,SPOTV Golf&Health,63,109,M,55828,20220209
2022-02-09,08:50:35,A,300,702,SPOTV Golf&Health,63,109,M,85035,20220209
2022-02-09,08:52:40,A,300,702,SPOTV Golf&Health,63,109,M,85240,20220209
2022-02-10,02:45:05,A,300,702,SPOTV Golf&Health,63,109,M,24505,20220210
2022-02-10,02:47:10,A,300,702,SPOTV Golf&Health,63,109,M,24710,20220210
2022-02-11,03:10:21,A,300,702,SPOTV Golf&Health,63,109,M,31021,20220211
2022-02-11,03:12:26,A,300,702,SPOTV Golf&Health,63,109,M,31226,20220211
2022-02-12,02:56:37,A,300,702,SPOTV Golf&Health,63,109,M,25637,20220212
2022-02-12,02:58:43,A,300,702,SPOTV Golf&Health,63,109,M,25843,20220212
2022-02-12,05:51:16,A,300,702,SPOTV Golf&Health,63,109,M,55116,20220212
2022-02-12,05:53:20,A,300,702,SPOTV Golf&Health,63,109,M,55320,20220212
2022-02-13,03:36:11,A,300,702,SPOTV Golf&Health,63,109,M,33611,20220213
2022-02-13,03:38:16,A,300,702,SPOTV Golf&Health,63,109,M,33816,20220213
2022-02-13,05:58:25,A,300,702,SPOTV Golf&Health,63,109,M,55825,20220213
2022-02-13,06:00:30,A,300,702,SPOTV Golf&Health,63,109,M,60030,20220213
2022-02-13,07:46:21,A,300,702,SPOTV Golf&Health,63,109,M,74621,20220213
2022-02-13,07:48:26,A,300,702,SPOTV Golf&Health,63,109,M,74826,20220213
2022-02-14,03:39:06,A,300,702,SPOTV Golf&Health,63,109,M,33906,20220214
2022-02-14,03:41:11,A,300,702,SPOTV Golf&Health,63,109,M,34111,20220214
2022-02-14,06:09:41,A,300,702,SPOTV Golf&Health,63,109,M,60941,20220214
2022-02-14,06:11:46,A,300,702,SPOTV Golf&Health,63,109,M,61146,20220214
2022-02-15,02:46:42,A,300,702,SPOTV Golf&Health,63,109,M,24642,20220215
2022-02-15,02:48:47,A,300,702,SPOTV Golf&Health,63,109,M,24847,20220215
2022-02-15,06:04:10,A,300,702,SPOTV Golf&Health,63,109,M,60410,20220215
2022-02-15,06:06:15,A,300,702,SPOTV Golf&Health,63,109,M,60615,20220215
2022-02-16,03:03:05,A,300,702,SPOTV Golf&Health,63,109,M,30305,20220216
2022-02-16,03:05:10,A,300,702,SPOTV Golf&Health,63,109,M,30510,20220216
2022-02-17,02:45:59,A,300,702,SPOTV Golf&Health,63,109,M,24559,20220217
2022-02-17,02:48:04,A,300,702,SPOTV Golf&Health,63,109,M,24804,20220217
2022-02-18,03:03:48,A,300,702,SPOTV Golf&Health,63,109,M,30348,20220218
2022-02-18,03:05:53,A,300,702,SPOTV Golf&Health,63,109,M,30553,20220218
2022-02-18,05:51:15,A,300,702,SPOTV Golf&Health,63,109,M,55115,20220218
2022-02-18,05:53:20,A,300,702,SPOTV Golf&Health,63,109,M,55320,20220218
2022-02-18,10:02:50,A,300,702,SPOTV Golf&Health,63,109,M,100250,20220218
2022-02-18,10:04:55,A,300,702,SPOTV Golf&Health,63,109,M,100455,20220218
2022-02-19,03:07:07,A,300,702,SPOTV Golf&Health,63,109,M,30707,20220219
2022-02-19,03:09:12,A,300,702,SPOTV Golf&Health,63,109,M,30912,20220219
2022-02-19,05:59:04,A,300,702,SPOTV Golf&Health,63,109,M,55904,20220219
2022-02-19,06:01:09,A,300,702,SPOTV Golf&Health,63,109,M,60109,20220219
2022-02-19,07:53:05,A,300,702,SPOTV Golf&Health,63,109,M,75305,20220219
2022-02-19,07:55:10,A,300,702,SPOTV Golf&Health,63,109,M,75510,20220219
2022-02-19,08:45:45,A,300,702,SPOTV Golf&Health,63,109,M,84545,20220219
2022-02-19,08:47:50,A,300,702,SPOTV Golf&Health,63,109,M,84750,20220219
2022-02-19,11:12:22,A,300,702,SPOTV Golf&Health,63,109,M,111222,20220219
2022-02-19,11:14:27,A,300,702,SPOTV Golf&Health,63,109,M,111427,20220219
2022-02-20,03:11:53,A,300,702,SPOTV Golf&Health,63,109,M,31153,20220220
2022-02-20,03:13:58,A,300,702,SPOTV Golf&Health,63,109,M,31358,20220220
2022-02-20,05:57:32,A,300,702,SPOTV Golf&Health,63,109,M,55732,20220220
2022-02-20,05:59:37,A,300,702,SPOTV Golf&Health,63,109,M,55937,20220220
2022-02-20,08:03:12,A,300,702,SPOTV Golf&Health,63,109,M,80312,20220220
2022-02-20,08:05:17,A,300,702,SPOTV Golf&Health,63,109,M,80517,20220220
2022-02-21,03:16:50,A,300,702,SPOTV Golf&Health,63,109,M,31650,20220221
2022-02-21,03:18:54,A,300,702,SPOTV Golf&Health,63,109,M,31854,20220221
2022-02-21,06:56:20,A,300,702,SPOTV Golf&Health,63,109,M,65620,20220221
2022-02-21,06:58:25,A,300,702,SPOTV Golf&Health,63,109,M,65825,20220221
2022-02-22,05:06:55,A,300,702,SPOTV Golf&Health,63,109,M,50655,20220222
2022-02-22,05:09:00,A,300,702,SPOTV Golf&Health,63,109,M,50900,20220222
2022-02-23,02:45:56,A,300,702,SPOTV Golf&Health,63,109,M,24556,20220223
2022-02-23,02:48:01,A,300,702,SPOTV Golf&Health,63,109,M,24801,20220223
2022-02-23,06:53:05,A,300,702,SPOTV Golf&Health,63,109,M,65305,20220223
2022-02-23,06:55:10,A,300,702,SPOTV Golf&Health,63,109,M,65510,20220223
2022-02-24,02:56:01,A,300,702,SPOTV Golf&Health,63,109,M,25601,20220224
2022-02-24,02:58:06,A,300,702,SPOTV Golf&Health,63,109,M,25806,20220224
2022-02-24,04:54:01,A,300,702,SPOTV Golf&Health,63,109,M,45401,20220224
2022-02-24,04:56:06,A,300,702,SPOTV Golf&Health,63,109,M,45606,20220224
2022-02-25,02:57:48,A,300,702,SPOTV Golf&Health,63,109,M,25748,20220225
2022-02-25,02:59:52,A,300,702,SPOTV Golf&Health,63,109,M,25952,20220225
2022-02-25,06:58:47,A,300,702,SPOTV Golf&Health,63,109,M,65847,20220225
2022-02-25,07:00:52,A,300,702,SPOTV Golf&Health,63,109,M,70052,20220225
2022-02-26,03:11:16,A,300,702,SPOTV Golf&Health,63,109,M,31116,20220226
2022-02-26,03:13:21,A,300,702,SPOTV Golf&Health,63,109,M,31321,20220226
2022-02-26,05:00:13,A,300,702,SPOTV Golf&Health,63,109,M,50013,20220226
2022-02-26,05:02:18,A,300,702,SPOTV Golf&Health,63,109,M,50218,20220226
2022-02-26,07:01:16,A,300,702,SPOTV Golf&Health,63,109,M,70116,20220226
2022-02-26,07:03:20,A,300,702,SPOTV Golf&Health,63,109,M,70320,20220226
2022-02-27,02:58:46,A,300,702,SPOTV Golf&Health,63,109,M,25846,20220227
2022-02-27,03:00:51,A,300,702,SPOTV Golf&Health,63,109,M,30051,20220227
2022-02-27,04:52:50,A,300,702,SPOTV Golf&Health,63,109,M,45250,20220227
2022-02-27,04:54:55,A,300,702,SPOTV Golf&Health,63,109,M,45455,20220227
2022-02-28,02:51:44,A,300,702,SPOTV Golf&Health,63,109,M,25144,20220228
2022-02-28,02:53:49,A,300,702,SPOTV Golf&Health,63,109,M,25349,20220228
2022-02-28,04:45:13,A,300,702,SPOTV Golf&Health,63,109,M,44513,20220228
2022-02-28,04:47:18,A,300,702,SPOTV Golf&Health,63,109,M,44718,20220228
2022-02-28,07:13:33,A,300,702,SPOTV Golf&Health,63,109,M,71333,20220228
2022-02-28,07:15:38,A,300,702,SPOTV Golf&Health,63,109,M,71538,20220228
2022-03-01,03:10:57,A,300,702,SPOTV Golf&Health,63,109,M,31057,20220301
2022-03-01,03:13:03,A,300,702,SPOTV Golf&Health,63,109,M,31303,20220301
2022-03-01,05:12:43,A,300,702,SPOTV Golf&Health,63,109,M,51243,20220301
2022-03-01,05:14:47,A,300,702,SPOTV Golf&Health,63,109,M,51447,20220301
2022-03-01,06:56:20,A,300,702,SPOTV Golf&Health,63,109,M,65620,20220301
2022-03-01,06:58:26,A,300,702,SPOTV Golf&Health,63,109,M,65826,20220301
2022-03-02,09:46:26,A,300,702,SPOTV Golf&Health,63,109,M,94626,20220302
2022-03-02,09:48:31,A,300,702,SPOTV Golf&Health,63,109,M,94831,20220302
2022-03-03,00:59:13,A,300,702,SPOTV Golf&Health,63,109,M,5913,20220303
2022-03-03,01:01:18,A,300,702,SPOTV Golf&Health,63,109,M,10118,20220303
2022-03-03,05:01:01,A,300,702,SPOTV Golf&Health,63,109,M,50101,20220303
2022-03-03,05:03:06,A,300,702,SPOTV Golf&Health,63,109,M,50306,20220303
2022-03-04,02:59:06,A,300,702,SPOTV Golf&Health,63,109,M,25906,20220304
2022-03-04,03:01:10,A,300,702,SPOTV Golf&Health,63,109,M,30110,20220304
2022-03-04,06:00:06,A,300,702,SPOTV Golf&Health,63,109,M,60006,20220304
2022-03-04,06:02:11,A,300,702,SPOTV Golf&Health,63,109,M,60211,20220304
2022-03-04,08:59:31,A,300,702,SPOTV Golf&Health,63,109,M,85931,20220304
2022-03-04,09:01:36,A,300,702,SPOTV Golf&Health,63,109,M,90136,20220304
2022-03-05,03:07:30,A,300,702,SPOTV Golf&Health,63,109,M,30730,20220305
2022-03-05,03:09:35,A,300,702,SPOTV Golf&Health,63,109,M,30935,20220305
2022-03-06,04:29:00,A,300,702,SPOTV Golf&Health,63,109,M,42900,20220306
2022-03-06,04:31:05,A,300,702,SPOTV Golf&Health,63,109,M,43105,20220306
2022-03-06,07:58:17,A,300,702,SPOTV Golf&Health,63,109,M,75817,20220306
2022-03-06,08:00:22,A,300,702,SPOTV Golf&Health,63,109,M,80022,20220306
2022-03-07,04:59:43,A,300,702,SPOTV Golf&Health,63,109,M,45943,20220307
2022-03-07,05:01:48,A,300,702,SPOTV Golf&Health,63,109,M,50148,20220307
2022-03-07,07:03:15,A,300,702,SPOTV Golf&Health,63,109,M,70315,20220307
2022-03-07,07:05:20,A,300,702,SPOTV Golf&Health,63,109,M,70520,20220307
2022-03-08,03:01:55,A,300,702,SPOTV Golf&Health,63,109,M,30155,20220308
2022-03-08,03:04:00,A,300,702,SPOTV Golf&Health,63,109,M,30400,20220308
2022-03-08,05:07:43,A,300,702,SPOTV Golf&Health,63,109,M,50743,20220308
2022-03-08,05:09:48,A,300,702,SPOTV Golf&Health,63,109,M,50948,20220308
2022-03-08,07:01:59,A,300,702,SPOTV Golf&Health,63,109,M,70159,20220308
2022-03-08,07:04:04,A,300,702,SPOTV Golf&Health,63,109,M,70404,20220308
2022-03-09,02:56:31,A,300,702,SPOTV Golf&Health,63,109,M,25631,20220309
2022-03-09,02:58:36,A,300,702,SPOTV Golf&Health,63,109,M,25836,20220309
2022-03-09,04:54:44,A,300,702,SPOTV Golf&Health,63,109,M,45444,20220309
2022-03-09,04:56:49,A,300,702,SPOTV Golf&Health,63,109,M,45649,20220309
2022-03-10,02:57:45,A,300,702,SPOTV Golf&Health,63,109,M,25745,20220310
2022-03-10,02:59:50,A,300,702,SPOTV Golf&Health,63,109,M,25950,20220310
2022-03-10,05:00:02,A,300,702,SPOTV Golf&Health,63,109,M,50002,20220310
2022-03-10,05:02:07,A,300,702,SPOTV Golf&Health,63,109,M,50207,20220310
2022-03-10,07:04:35,A,300,702,SPOTV Golf&Health,63,109,M,70435,20220310
2022-03-10,07:06:40,A,300,702,SPOTV Golf&Health,63,109,M,70640,20220310
2022-03-11,03:04:45,A,300,702,SPOTV Golf&Health,63,109,M,30445,20220311
2022-03-11,03:06:50,A,300,702,SPOTV Golf&Health,63,109,M,30650,20220311
2022-03-11,05:05:33,A,300,702,SPOTV Golf&Health,63,109,M,50533,20220311
2022-03-11,05:07:38,A,300,702,SPOTV Golf&Health,63,109,M,50738,20220311
2022-03-11,06:57:46,A,300,702,SPOTV Golf&Health,63,109,M,65746,20220311
2022-03-11,06:59:51,A,300,702,SPOTV Golf&Health,63,109,M,65951,20220311
2022-03-12,03:06:44,A,300,702,SPOTV Golf&Health,63,109,M,30644,20220312
2022-03-12,03:08:49,A,300,702,SPOTV Golf&Health,63,109,M,30849,20220312
2022-03-12,05:06:31,A,300,702,SPOTV Golf&Health,63,109,M,50631,20220312
2022-03-12,05:08:36,A,300,702,SPOTV Golf&Health,63,109,M,50836,20220312
2022-03-12,06:53:22,A,300,702,SPOTV Golf&Health,63,109,M,65322,20220312
2022-03-12,06:55:28,A,300,702,SPOTV Golf&Health,63,109,M,65528,20220312
2022-03-13,04:58:39,A,300,702,SPOTV Golf&Health,63,109,M,45839,20220313
2022-03-13,05:00:44,A,300,702,SPOTV Golf&Health,63,109,M,50044,20220313
2022-03-14,03:05:53,A,300,702,SPOTV Golf&Health,63,109,M,30553,20220314
2022-03-14,03:07:57,A,300,702,SPOTV Golf&Health,63,109,M,30757,20220314
2022-03-14,05:01:09,A,300,702,SPOTV Golf&Health,63,109,M,50109,20220314
2022-03-14,05:03:14,A,300,702,SPOTV Golf&Health,63,109,M,50314,20220314
2022-03-15,00:03:57,A,300,702,SPOTV Golf&Health,63,109,M,357,20220315
2022-03-15,00:06:02,A,300,702,SPOTV Golf&Health,63,109,M,602,20220315
2022-03-15,03:06:16,A,300,702,SPOTV Golf&Health,63,109,M,30616,20220315
2022-03-15,03:08:21,A,300,702,SPOTV Golf&Health,63,109,M,30821,20220315
2022-03-15,05:01:44,A,300,702,SPOTV Golf&Health,63,109,M,50144,20220315
2022-03-15,05:03:49,A,300,702,SPOTV Golf&Health,63,109,M,50349,20220315
2022-03-16,02:49:15,A,300,702,SPOTV Golf&Health,63,109,M,24915,20220316
2022-03-16,02:51:20,A,300,702,SPOTV Golf&Health,63,109,M,25120,20220316
2022-03-16,04:57:31,A,300,702,SPOTV Golf&Health,63,109,M,45731,20220316
2022-03-16,04:59:36,A,300,702,SPOTV Golf&Health,63,109,M,45936,20220316
2022-03-17,02:59:42,A,300,702,SPOTV Golf&Health,63,109,M,25942,20220317
2022-03-17,03:01:47,A,300,702,SPOTV Golf&Health,63,109,M,30147,20220317
2022-03-18,03:25:41,A,300,702,SPOTV Golf&Health,63,109,M,32541,20220318
2022-03-18,03:27:46,A,300,702,SPOTV Golf&Health,63,109,M,32746,20220318
2022-03-19,02:53:04,A,300,702,SPOTV Golf&Health,63,109,M,25304,20220319
2022-03-19,02:55:09,A,300,702,SPOTV Golf&Health,63,109,M,25509,20220319
2022-03-20,03:04:40,A,300,702,SPOTV Golf&Health,63,109,M,30440,20220320
2022-03-20,03:06:45,A,300,702,SPOTV Golf&Health,63,109,M,30645,20220320
2022-03-20,07:48:43,A,300,702,SPOTV Golf&Health,63,109,M,74843,20220320
2022-03-20,07:50:48,A,300,702,SPOTV Golf&Health,63,109,M,75048,20220320
2022-03-21,02:53:41,A,300,702,SPOTV Golf&Health,63,109,M,25341,20220321
2022-03-21,02:55:46,A,300,702,SPOTV Golf&Health,63,109,M,25546,20220321
2022-03-21,05:57:07,A,300,702,SPOTV Golf&Health,63,109,M,55707,20220321
2022-03-21,05:59:12,A,300,702,SPOTV Golf&Health,63,109,M,55912,20220321
2022-03-21,08:57:12,A,300,702,SPOTV Golf&Health,63,109,M,85712,20220321
2022-03-21,08:59:17,A,300,702,SPOTV Golf&Health,63,109,M,85917,20220321
2022-03-22,03:05:22,A,300,702,SPOTV Golf&Health,63,109,M,30522,20220322
2022-03-22,03:07:27,A,300,702,SPOTV Golf&Health,63,109,M,30727,20220322
2022-03-22,06:07:01,A,300,702,SPOTV Golf&Health,63,109,M,60701,20220322
2022-03-22,06:09:05,A,300,702,SPOTV Golf&Health,63,109,M,60905,20220322
2022-03-23,02:45:11,A,300,702,SPOTV Golf&Health,63,109,M,24511,20220323
2022-03-23,02:47:16,A,300,702,SPOTV Golf&Health,63,109,M,24716,20220323
2022-03-23,05:58:59,A,300,702,SPOTV Golf&Health,63,109,M,55859,20220323
2022-03-23,06:01:04,A,300,702,SPOTV Golf&Health,63,109,M,60104,20220323
2022-03-24,03:10:22,A,300,702,SPOTV Golf&Health,63,109,M,31022,20220324
2022-03-24,03:12:28,A,300,702,SPOTV Golf&Health,63,109,M,31228,20220324
2022-03-24,06:03:49,A,300,702,SPOTV Golf&Health,63,109,M,60349,20220324
2022-03-24,06:05:54,A,300,702,SPOTV Golf&Health,63,109,M,60554,20220324
2022-03-25,03:35:39,A,300,702,SPOTV Golf&Health,63,109,M,33539,20220325
2022-03-25,03:37:43,A,300,702,SPOTV Golf&Health,63,109,M,33743,20220325
2022-03-26,03:23:53,A,300,702,SPOTV Golf&Health,63,109,M,32353,20220326
2022-03-26,03:25:58,A,300,702,SPOTV Golf&Health,63,109,M,32558,20220326
2022-03-27,08:41:47,A,300,702,SPOTV Golf&Health,63,109,M,84147,20220327
2022-03-27,08:43:52,A,300,702,SPOTV Golf&Health,63,109,M,84352,20220327
2022-03-28,05:37:45,A,300,702,SPOTV Golf&Health,63,109,M,53745,20220328
2022-03-28,05:39:50,A,300,702,SPOTV Golf&Health,63,109,M,53950,20220328
2022-03-28,10:19:33,A,300,702,SPOTV Golf&Health,63,109,M,101933,20220328
2022-03-28,10:21:38,A,300,702,SPOTV Golf&Health,63,109,M,102138,20220328
2022-03-29,02:52:14,A,300,702,SPOTV Golf&Health,63,109,M,25214,20220329
2022-03-29,02:54:19,A,300,702,SPOTV Golf&Health,63,109,M,25419,20220329
2022-03-29,05:21:00,A,300,702,SPOTV Golf&Health,63,109,M,52100,20220329
2022-03-29,05:23:05,A,300,702,SPOTV Golf&Health,63,109,M,52305,20220329
2022-03-30,03:04:25,A,300,702,SPOTV Golf&Health,63,109,M,30425,20220330
2022-03-30,03:06:30,A,300,702,SPOTV Golf&Health,63,109,M,30630,20220330
2022-03-30,05:37:05,A,300,702,SPOTV Golf&Health,63,109,M,53705,20220330
2022-03-30,05:39:10,A,300,702,SPOTV Golf&Health,63,109,M,53910,20220330
2022-03-31,02:53:17,A,300,702,SPOTV Golf&Health,63,109,M,25317,20220331
2022-03-31,02:55:22,A,300,702,SPOTV Golf&Health,63,109,M,25522,20220331
2022-04-11,01:55:19,A,300,702,SPOTV Golf&Health,63,109,M,15519,20220411
2022-04-11,01:57:24,A,300,702,SPOTV Golf&Health,63,109,M,15724,20220411
2022-04-11,23:42:14,A,300,702,SPOTV Golf&Health,63,109,M,234214,20220411
2022-04-11,23:44:19,A,300,702,SPOTV Golf&Health,63,109,M,234419,20220411
2022-04-13,01:48:50,A,300,702,SPOTV Golf&Health,63,109,M,14850,20220413
2022-04-13,01:50:55,A,300,702,SPOTV Golf&Health,63,109,M,15055,20220413
2022-04-14,03:00:38,A,300,702,SPOTV Golf&Health,63,109,M,30038,20220414
2022-04-14,03:02:44,A,300,702,SPOTV Golf&Health,63,109,M,30244,20220414
2022-04-14,05:56:09,A,300,702,SPOTV Golf&Health,63,109,M,55609,20220414
2022-04-14,05:58:14,A,300,702,SPOTV Golf&Health,63,109,M,55814,20220414
